Country,2021-01,2021-02,2021-03,2021-04,2021-05,2021-06,2021-07,2021-08,2021-09,2021-10,2021-11,2021-12,2022-01,2022-02,2022-03,2022-04,2022-05,2022-06,2022-07,2022-08,2022-09,2022-10,2022-11,2022-12,2023-01,2023-02,2023-03,2023-04,2023-05,2023-06,2023-07,2023-08,2023-09,2023-10,2023-11,2023-12,2024-01,2024-02,2024-03,2024-04
Afghanistan,178,156,163,142,140,192,151,353,576,798,488,431,404,471,627,709,644,585,532,840,910,1438,751,540,496,666,1174,806,612,746,685,608,730,702,782,588,731,685,655,2071
Albania,203,201,261,276,387,312,326,311,323,381,506,389,316,385,544,516,597,542,418,374,420,510,483,392,451,459,487,484,576,521,528,481,495,595,567,505,570,539,659,1768
Algeria,1172,1251,1566,1443,2320,2370,2333,2070,1879,2414,2953,2800,2442,2646,3766,3909,5325,7092,6114,5514,4797,5991,6167,5916,4858,5401,6265,6017,11053,14255,17044,18333,15530,17773,16563,15136,11232,12326,14207,37765
Andorra,2,1,0,4,5,3,2,1,2,0,2,2,2,5,6,3,2,4,1,3,1,2,2,0,1,2,3,1,2,5,4,1,3,1,3,1,5,4,1,10
Angola,62,63,113,98,86,75,92,109,102,119,109,89,116,163,171,178,156,162,162,124,197,139,169,121,171,202,278,294,230,317,224,320,252,248,232,148,214,224,218,656
Antigua and Barbuda,21,20,28,30,42,57,70,36,38,43,57,53,33,42,103,118,83,266,421,82,79,71,76,64,69,88,99,107,150,100,68,43,27,45,46,38,37,53,42,132
Argentina,264,298,385,303,454,301,350,333,396,427,524,535,584,668,1150,1448,1705,1286,1215,1211,951,961,908,768,1206,1138,1406,1398,1451,755,571,438,488,429,381,380,499,521,629,1649
Armenia,50,37,87,54,98,84,76,73,81,94,107,60,72,79,231,323,240,221,158,138,167,160,131,114,144,179,177,176,135,174,156,125,157,209,174,166,163,228,208,599
Aruba,1,0,1,0,2,0,1,0,0,0,0,0,0,0,0,0,0,0,0,0,0,0,0,0,0,0,0,1,0,0,1,0,0,1,0,0,1,0,1,2
Australia,379,403,488,544,586,506,521,537,569,556,990,366,523,1067,957,769,1037,1014,966,1073,869,688,363,297,1299,1164,976,1094,1099,1158,1071,1091,724,738,373,258,1313,1165,758,3236
Austria,45,46,59,76,138,67,57,59,41,50,67,57,35,22,47,49,157,93,55,73,61,55,38,33,89,71,51,39,45,96,53,46,29,43,27,22,108,78,52,238
Azerbaijan,64,82,100,115,155,120,119,119,106,97,97,103,122,102,312,388,347,322,263,284,259,295,246,243,282,304,421,388,493,492,555,410,362,378,411,357,374,272,249,895
"Bahama Islands, The",139,149,173,188,349,202,306,165,151,155,134,140,181,191,219,168,323,284,296,229,205,171,209,198,180,188,207,234,293,251,267,220,246,177,144,131,195,160,137,492
Bahrain,12,18,18,18,37,33,26,25,27,21,28,21,36,45,67,66,94,67,67,48,48,62,43,37,50,65,79,78,118,89,97,65,48,41,42,38,47,73,91,211
Bangladesh,1709,1616,2136,1849,2989,3010,2383,2225,2719,3474,3560,3178,3460,3287,4192,4968,4818,5376,3829,4005,4237,4610,4608,3888,4787,5278,6435,6085,9429,11577,10620,14098,16171,21192,23785,22477,24537,20988,21862,67387
Barbados,59,75,101,77,163,140,114,89,72,92,86,78,90,108,141,124,186,166,133,133,106,114,101,88,119,155,157,167,179,163,164,114,136,137,107,99,149,184,157,490
Belarus,47,48,84,44,77,91,113,53,79,64,99,97,48,75,470,403,408,352,228,232,165,198,189,199,197,198,257,160,171,164,208,111,97,89,117,97,131,152,187,470
Belgium,149,149,202,215,681,338,274,247,166,152,203,148,205,505,286,240,367,362,334,276,220,279,165,132,356,308,221,280,350,362,242,233,329,201,142,126,485,306,223,1014
Belize,20,11,23,33,45,42,30,27,24,32,32,30,38,41,47,79,86,83,103,62,70,62,51,24,62,63,84,99,96,83,71,52,58,64,48,53,95,84,95,274
Bermuda,1,1,1,2,12,10,4,9,0,1,2,2,0,0,1,2,1,0,3,4,2,0,1,1,2,0,4,6,5,2,7,3,2,2,1,2,1,1,1,3
Bhutan,18,33,62,29,46,56,66,74,63,90,91,45,54,47,37,53,105,81,116,104,98,67,134,83,131,175,160,148,458,343,262,359,424,463,338,438,369,236,249,854
Bolivia,40,46,68,66,112,97,93,57,95,130,86,114,103,117,164,198,214,221,180,134,135,145,143,115,161,163,234,236,263,243,217,226,199,187,179,182,225,183,287,695
Bosnia-Hercegovina,35,41,49,30,35,37,34,43,41,47,39,48,36,45,82,73,95,76,70,43,63,59,56,43,82,83,120,90,92,91,105,58,66,71,70,76,75,125,108,308
"Botswana, Republic of",13,7,13,15,16,25,21,22,15,15,23,17,16,28,21,39,55,66,67,54,53,25,38,25,27,45,57,58,64,62,36,39,41,35,46,22,22,54,39,115
Brazil,2427,2522,3004,2725,4054,2915,2901,2734,3032,2999,3045,3128,3287,3360,4708,4789,6113,5323,4644,4585,4475,3891,3712,3646,4163,4259,5082,4903,5978,5460,4983,4745,4624,4044,3876,4468,4294,4082,4256,12632
British Indian Ocean Territory,0,0,0,0,0,0,0,0,0,0,0,0,0,0,0,1,0,0,0,0,0,0,0,0,0,0,1,0,0,0,0,0,0,0,0,0,0,0,0,0
Brunei,0,1,3,4,8,0,4,1,5,3,2,3,2,10,0,5,9,9,5,5,3,1,2,3,1,3,3,8,14,4,5,5,3,4,2,1,2,1,3,6
Bulgaria,41,39,33,44,61,54,37,38,24,38,31,28,39,35,38,24,30,33,42,42,29,41,23,25,32,31,23,32,31,20,22,35,35,19,21,19,33,37,41,111
Burkina-Faso,167,162,195,194,323,248,252,257,226,293,363,284,211,272,392,450,521,599,505,481,406,508,553,385,461,515,707,697,898,1010,1064,1117,1049,1158,1263,1055,1078,1092,1111,3281
Burundi,164,144,197,209,290,252,253,194,185,220,263,161,166,178,240,216,338,417,290,297,262,265,242,261,306,329,441,502,585,712,941,1072,1200,1604,1710,1492,1438,1560,1478,4476
Cambodia,48,30,40,44,59,53,61,47,50,60,67,97,63,118,156,144,281,162,192,190,131,154,190,121,182,204,323,194,325,244,289,285,262,241,278,273,301,303,365,969
Cape Verde Islands,0,1,4,5,3,6,1,5,4,3,6,4,2,1,5,4,3,9,5,8,4,8,9,4,3,5,3,4,9,11,4,6,7,7,6,3,7,4,11,22
Cayman Islands,0,1,0,2,0,2,3,0,0,0,0,0,0,1,0,0,0,1,1,2,0,0,0,0,1,0,1,0,0,3,3,1,0,0,0,0,0,0,0,0
Central African Republic,17,10,28,17,24,19,31,21,13,25,33,11,18,14,25,30,25,41,33,26,32,21,38,22,21,31,34,36,40,71,54,51,43,46,47,53,43,37,44,124
"Chad, Republic of",63,65,68,80,89,79,101,100,92,117,148,157,185,131,123,139,181,318,237,192,183,291,387,291,243,268,431,397,495,785,940,1152,1000,1043,1080,904,651,599,502,1752
Chile,333,402,599,806,1066,508,438,440,368,349,365,340,331,564,853,495,594,703,596,556,553,536,520,460,566,1640,1615,671,763,849,698,685,1356,2231,1047,543,653,897,858,2408
Colombia,2272,2359,3152,3182,4426,3325,3511,3826,4285,4899,5169,4753,4813,6234,8058,8492,10085,8794,7797,7777,7643,6982,6370,6099,6947,8283,9320,8638,9559,8726,7698,8088,8214,7519,7416,7466,7706,8863,8959,25528
Commonwealth of the Northern Mariana Islands,0,0,0,0,0,0,0,0,1,0,1,0,0,0,0,0,0,1,0,0,0,1,0,0,1,1,2,0,1,1,1,1,1,0,3,0,2,0,1,3
Comoros,5,7,17,11,15,15,15,16,12,7,17,14,7,8,11,19,18,20,18,21,19,23,13,15,13,13,13,16,33,33,30,19,29,14,22,22,19,16,23,58
"Congo, Democratic Republic of the",603,640,897,963,1421,1305,1258,1054,898,1126,1578,1271,1057,1228,1740,1993,2593,2951,2835,2270,1996,2600,2960,2132,1916,2505,3391,3349,4218,4851,4697,4700,4038,4914,5268,4442,4377,5107,5651,15135
"Congo, People's Republic of the",89,101,134,113,216,200,163,132,144,165,211,153,123,127,201,188,248,374,367,215,193,282,297,187,170,241,353,368,448,495,512,481,427,438,520,435,433,509,524,1466
Costa Rica,149,120,166,185,215,201,186,239,233,336,286,320,287,443,609,590,721,720,619,668,637,619,584,436,707,719,764,873,892,524,434,935,354,291,300,276,362,379,385,1126
Croatia,63,65,56,62,71,44,53,64,44,65,51,49,64,66,69,41,59,39,33,46,49,58,43,28,70,52,41,45,44,49,36,52,52,48,37,37,38,25,33,96
Cuba,279,208,269,296,347,330,321,343,401,477,481,497,592,695,849,882,873,921,832,774,651,769,668,660,681,702,814,753,782,900,798,881,775,808,826,723,769,877,1002,2648
Curacao,0,0,1,0,1,2,0,0,0,0,0,0,0,0,0,0,0,0,0,0,0,0,0,0,0,0,0,0,0,0,0,0,0,0,0,0,0,0,0,0
Cyprus,1,12,4,5,10,10,7,5,2,9,6,1,4,5,5,11,11,7,4,10,14,10,1,4,7,6,9,4,17,14,8,7,10,6,5,4,6,12,8,26
Czech Republic,74,85,205,259,252,177,128,122,78,81,137,65,82,528,251,91,272,129,151,150,110,138,110,52,259,255,197,194,173,142,128,157,153,159,89,53,233,219,190,642
Democratic Republic of Sudan,137,140,187,183,181,200,158,155,192,187,224,202,161,212,262,284,282,327,276,280,237,238,262,215,248,297,364,344,37581,1213,1003,790,571,628,526,479,537,541,449,1527
Denmark,22,26,87,59,219,131,71,78,91,51,28,24,31,137,84,90,116,101,59,68,55,43,20,19,82,78,59,98,88,89,77,53,52,49,17,38,80,71,71,222
Dominica,39,23,80,18,51,41,42,26,24,53,72,87,102,89,87,70,89,105,92,92,101,89,106,99,171,217,184,117,136,134,163,193,259,171,138,157,163,166,167,496
Dominican Republic,292,287,338,242,418,310,338,384,426,493,559,456,533,751,1074,1009,1240,1233,958,968,846,859,824,675,965,1060,1222,1134,1486,1379,1351,1263,1224,1235,1107,1199,1367,1541,1746,4654
"East Timor, Democratic Republic of",0,2,1,0,0,0,0,0,1,0,0,0,0,3,1,2,2,3,2,0,10,1,0,5,0,2,1,2,8,8,1,4,3,0,2,3,5,5,3,13
Ecuador,407,358,431,500,811,596,518,542,630,591,588,646,738,847,1221,1275,1388,1375,1110,962,1005,1007,938,898,1200,1182,1568,1470,1726,1621,1341,1369,1411,1403,1354,1441,1580,1509,1663,4752
Egypt,814,767,955,911,1227,1126,978,1019,1215,1263,1337,1120,1200,1247,1948,2004,2144,2132,1589,1717,1508,1663,1576,1365,1736,1748,2045,1760,2334,2280,2176,2162,2039,1950,1924,1889,1934,2073,2155,6162
El Salvador,184,182,197,216,290,218,231,236,308,316,326,301,345,398,556,579,730,603,498,491,441,423,468,349,492,575,583,465,576,636,511,540,425,418,404,468,591,629,641,1861
Equatorial Guinea,5,2,1,3,5,5,4,3,0,2,4,0,2,5,2,6,9,8,7,9,10,6,14,14,6,3,16,7,8,12,12,8,7,10,12,8,3,9,21,33
Eritrea,51,55,59,96,70,61,84,55,89,74,102,71,77,87,124,105,115,116,99,130,98,74,102,110,129,139,150,133,176,146,190,169,162,141,181,173,181,144,195,520
Estonia,5,9,9,7,17,11,10,14,5,5,15,10,4,34,27,6,25,18,18,9,12,18,3,5,22,23,27,17,21,14,20,8,16,20,10,6,23,18,18,59
Ethiopia,215,282,408,383,501,464,516,369,397,495,576,650,471,551,843,926,1017,914,976,880,739,957,961,923,785,1005,1451,1375,1783,2179,2530,2701,2255,2510,2776,2516,2292,2337,2569,7198
Federal Republic of Cameroon,860,938,1235,1232,1877,1783,1428,1158,1165,1556,1591,1334,1236,1438,2234,2387,2882,3861,3079,2303,2114,2708,2954,2657,2915,3186,4338,4479,6103,7107,6793,6123,6079,6051,6186,5390,5194,5220,6013,16427
Federal Republic of Germany,398,571,880,1104,2466,1008,737,624,747,778,910,629,519,1730,1427,931,1831,1256,865,786,599,648,458,336,376,1631,1297,1199,1219,1178,891,782,574,670,539,318,1105,1022,870,2997
Federated States of Micronesia,0,0,0,0,0,0,0,1,0,0,0,1,0,1,1,1,0,1,12,11,9,9,8,3,6,7,14,4,5,9,19,1,0,0,2,2,2,4,1,7
Fiji,18,27,30,20,25,27,24,25,28,40,53,42,47,60,118,147,140,130,188,198,214,199,191,125,207,215,184,243,278,232,224,155,168,171,199,170,168,265,272,705
Finland,33,43,37,39,102,43,34,32,34,41,20,9,25,23,29,26,48,46,41,45,28,25,36,13,19,26,22,22,45,44,35,13,40,28,23,13,27,20,39,86
France,2886,3185,4970,5062,11183,5975,4913,4588,3764,4006,3984,2508,3146,5132,6900,4828,6008,8668,6638,5120,2952,3254,2590,2161,6793,11276,6163,3835,5119,5494,3986,3575,2552,2459,2335,1985,4272,5567,4881,14720
French Polynesia,0,0,0,18,11,0,2,0,1,0,0,0,0,0,0,0,0,0,0,0,0,0,0,0,0,0,1,0,1,7,2,4,1,1,1,0,1,2,0,3
Gabon Republic,33,35,47,36,55,66,56,59,56,52,75,57,50,53,64,99,99,130,118,114,87,95,134,84,86,98,105,99,149,183,150,134,104,129,119,87,90,110,143,343
Gambia,46,43,78,72,69,91,98,66,75,92,119,86,89,97,142,135,188,201,163,183,136,184,164,164,179,191,281,269,405,690,861,1415,1373,1446,1138,958,834,748,709,2291
Georgia,47,32,43,54,54,41,56,30,70,76,68,106,53,84,376,512,531,575,406,375,341,317,328,349,300,443,505,324,333,372,427,209,221,236,212,159,202,235,246,683
Ghana,573,609,688,823,1432,988,1041,1084,1164,1222,1395,984,952,1142,1971,2092,2706,2782,2501,2353,2205,2395,2151,1953,2361,3259,4112,4377,6385,8080,9127,10912,11635,12926,12494,10927,10183,10992,11423,32598
Greece,95,116,135,159,147,105,110,118,105,118,101,72,74,188,171,88,112,176,129,119,120,118,98,103,168,205,165,117,126,140,149,125,131,124,139,104,110,164,132,406
Grenada,55,16,43,26,32,54,66,18,34,33,50,41,32,59,77,78,92,86,84,337,43,84,85,60,99,91,166,140,165,204,173,140,113,919,286,121,126,104,119,349
Guadeloupe,0,0,0,0,0,0,0,0,0,0,0,0,0,0,0,0,0,0,1,0,0,0,0,0,0,1,0,0,0,3,0,0,0,1,0,0,0,0,0,0
Guatemala,1734,2143,2660,2605,2696,1867,1251,1417,1016,949,1228,1764,2786,3098,3113,2113,2560,2091,1974,1589,1390,1379,1996,2412,3112,3233,3780,2579,2759,1994,1560,1662,1510,1335,2066,1902,3328,3435,3019,9782
Guinea-Bissau,7,6,2,1,6,2,9,1,4,5,5,1,1,0,2,5,6,3,9,6,4,11,7,5,5,3,10,7,20,19,11,23,14,14,15,14,12,11,23,46
"Guinea, Republic of",254,233,299,321,570,667,566,504,404,588,823,658,418,553,822,970,1031,1651,1379,1088,892,1243,1452,1174,888,907,1546,1704,2420,3328,3497,3342,2709,3443,4209,3722,2681,2504,3342,8527
Guyana,158,150,159,154,227,193,235,154,208,209,274,249,220,408,559,675,882,846,600,506,430,400,398,230,393,604,697,626,878,839,613,511,467,605,541,422,689,748,838,2275
Haiti,1020,703,838,840,1362,1035,1041,1140,1307,1691,1850,1631,1602,1690,2401,2627,3424,3664,3309,2987,2413,2770,2848,2687,2920,3227,4513,3673,4466,4476,4051,3522,3322,3455,3525,3948,4144,4223,4272,12639
Holy See,0,0,0,0,0,0,1,0,1,0,0,1,1,0,1,1,0,1,0,0,0,0,0,0,0,0,0,0,0,0,1,0,1,0,0,0,0,0,0,0
Honduras,158,180,248,272,355,229,221,305,277,249,302,293,301,361,438,333,533,421,399,371,386,407,337,277,528,433,621,525,505,566,492,506,434,431,510,400,488,580,570,1638
Hong Kong,844,1382,2241,2390,2783,2173,2620,2657,2204,1938,1965,2043,2342,2198,2976,2996,3301,3079,2737,2891,2876,2981,3336,3664,5420,4244,2057,1970,2779,2081,2258,2247,2148,1719,1535,1551,2128,1453,1634,5215
Hungary,85,88,125,110,117,86,91,79,104,136,67,61,96,95,125,82,94,94,107,90,95,99,86,82,90,138,142,103,94,132,118,102,123,120,96,103,140,118,87,345
Iceland,6,19,11,11,19,15,15,14,11,17,14,14,11,12,13,15,20,25,28,19,9,9,16,12,23,9,21,20,17,13,26,15,16,17,17,22,15,26,27,68
India,50602,52281,58410,48248,84539,51781,63089,61461,79405,93510,87702,81974,83158,92003,111934,112414,147086,132841,112764,115624,126217,110706,110513,110335,130962,135205,156446,145805,187425,159892,161078,147416,159893,137815,129455,171684,143843,145449,158651,447943
Iran,4626,4411,5180,5316,8486,6475,6656,6161,7230,8470,9398,9163,8947,9061,10132,9518,12081,11934,10785,10038,8776,9678,10259,9343,10101,10442,17530,15780,21101,21793,23623,23113,23922,28123,28023,25089,23725,28990,12647,65362
Iraq,209,212,243,253,289,324,239,299,322,445,449,398,394,552,586,714,963,900,625,799,700,726,612,580,589,632,625,601,701,708,813,973,908,913,865,719,778,940,860,2578
Isle of Man,1,0,0,0,0,0,0,0,0,0,0,0,0,0,0,0,0,0,0,0,0,0,0,0,0,0,0,0,0,0,0,0,0,0,0,0,0,0,0,0
Israel,215,284,288,326,424,387,326,307,265,239,181,155,181,223,280,317,323,369,289,313,253,206,247,214,257,255,401,350,421,326,388,307,235,254,272,383,869,843,891,2603
Italy,428,474,574,599,1623,680,509,455,437,513,620,361,363,739,737,728,879,669,562,522,463,502,459,385,685,707,674,653,932,663,614,515,555,587,443,326,665,725,601,1991
Jamaica,2305,2840,2757,2003,2811,2132,1728,1108,1236,1644,2290,1924,2710,3113,5318,4638,5042,4736,3522,2719,2469,3072,3395,2864,3595,4450,6794,6548,7021,6506,5779,4672,4520,5174,6004,4184,5508,6221,7051,18780
Japan,938,896,1084,1104,1848,1515,1280,1073,1145,1601,1617,1508,1843,2534,1997,1530,1993,2188,1846,1478,1379,1417,1223,917,2015,1905,1836,2041,2274,2303,1922,1616,1301,897,957,965,2424,1742,1354,5520
Jordan,629,602,791,739,939,895,759,816,1030,1376,1384,1203,1206,1175,1844,1624,1798,2065,1509,1826,1713,1944,1825,1624,1768,1837,2021,1626,2234,2133,2251,2298,2189,2317,2085,1800,2047,1805,1704,5556
Kazakhstan,161,178,225,267,426,268,266,204,285,226,227,163,144,225,408,500,524,476,363,305,325,485,316,269,376,489,610,557,504,495,411,337,296,339,487,408,446,511,461,1418
Kenya,442,494,592,510,843,721,715,736,792,954,1072,782,847,1112,1402,1537,1976,1880,1673,1487,1779,1756,1707,1286,1664,2194,2582,2587,3987,4967,6146,6904,5684,4890,5286,4265,4686,4536,3989,13211
Kiribati,0,0,0,0,0,0,0,0,0,0,0,0,0,0,0,0,0,2,0,4,6,1,3,2,0,5,1,1,1,7,1,0,0,0,1,2,0,1,1,2
"Korea, People's Democratic Republic of",1,2,0,0,0,4,1,1,0,1,3,4,0,1,0,1,5,0,2,2,0,3,1,1,1,0,3,0,3,2,4,0,0,4,1,0,0,2,2,4
"Korea, Republic of",1939,2073,2527,2596,4457,2919,2752,1887,2018,1896,2185,1619,1723,2254,3877,3397,3753,2772,2328,1917,1929,1739,1888,1675,2602,4560,3440,3197,3437,3044,2380,2273,2185,2067,1901,1371,4155,6275,3224,13654
"Kosovo, Republic of",50,81,60,42,53,72,39,63,73,81,147,122,87,67,135,125,129,142,122,85,109,133,158,137,106,136,204,137,189,171,155,162,155,165,205,170,165,167,155,487
Kuwait,61,68,77,96,150,107,96,193,150,129,119,127,152,114,215,244,246,277,230,267,78,140,165,177,178,209,277,220,343,248,244,420,150,118,112,125,136,135,179,450
Kyrgyzstan,23,28,35,28,59,60,28,33,38,53,55,50,41,51,85,86,115,123,58,56,52,64,78,62,72,82,99,100,120,85,69,77,89,101,100,74,82,86,78,246
Laos,4,1,3,4,9,7,4,7,12,4,9,12,5,8,20,27,12,31,25,23,24,14,24,25,28,31,38,39,60,65,45,83,55,48,51,63,79,71,76,226
Latvia,19,16,15,15,22,19,19,12,18,38,16,18,17,27,47,25,23,14,23,20,21,23,25,17,31,40,29,11,26,18,17,22,18,13,19,11,28,47,21,96
Lebanon,705,619,977,937,1237,1072,1009,1240,1656,1786,1907,1521,1353,1630,2426,2356,2328,2384,1862,1775,1724,1832,1703,1426,1725,1836,2297,1964,2425,2455,2360,2595,2409,2949,4094,3618,3297,3092,2968,9357
Lesotho,1,2,3,4,5,5,12,3,9,6,10,5,2,2,3,5,20,11,6,10,8,11,9,16,15,7,7,2,5,7,14,11,3,11,11,11,7,7,3,17
Liberia,23,14,23,29,54,55,48,46,76,62,38,50,43,49,67,107,129,114,89,99,70,87,88,66,87,99,169,139,139,238,378,492,457,348,405,434,532,500,570,1602
Libya,161,148,193,150,165,131,178,160,123,173,223,171,160,151,259,292,269,344,244,330,237,307,299,245,223,212,283,199,281,265,246,264,188,251,174,153,167,162,221,550
Liechtenstein,1,0,0,1,0,1,1,0,0,0,0,0,0,0,0,0,1,0,0,0,0,0,1,0,1,0,0,0,1,0,0,0,0,0,1,0,0,0,0,0
Lithuania,38,37,39,20,29,15,22,29,37,55,65,19,7,87,97,31,29,20,23,32,42,26,17,19,29,121,59,40,30,34,35,23,30,38,20,24,63,82,55,200
Luxembourg,4,8,5,7,41,18,8,10,7,12,3,5,6,14,11,12,19,20,17,7,4,8,7,5,11,14,11,3,16,21,16,14,16,11,2,5,9,9,8,26
Macao,27,12,31,25,47,41,30,27,32,30,19,18,29,21,34,29,53,39,38,37,47,41,40,49,59,102,122,137,145,116,102,103,95,80,71,57,105,105,150,360
Macedonia,12,23,29,31,47,44,47,47,29,69,51,54,47,64,137,97,94,96,61,82,69,85,106,73,112,102,126,87,128,99,72,67,76,59,65,65,84,130,121,335
Madagascar,108,103,115,130,209,157,144,110,132,199,178,151,143,200,252,299,333,382,329,368,325,346,423,343,340,450,434,450,468,482,456,402,376,429,403,380,404,534,519,1457
Malawi,10,21,12,10,21,20,35,21,23,23,18,29,17,14,31,51,72,105,81,43,48,63,38,29,48,44,58,77,74,87,94,97,60,70,65,37,62,70,66,198
Malaysia,143,131,186,182,350,252,208,186,283,361,384,313,361,428,778,857,957,985,873,757,649,802,979,899,954,1311,1591,1259,1368,1241,990,837,658,758,545,794,1091,1160,1418,3669
"Maldives, Republic of",4,0,3,2,3,2,1,3,4,3,3,4,4,5,3,6,7,5,19,19,13,4,8,2,9,5,6,6,8,4,10,2,3,3,10,4,5,4,6,15
"Mali, Republic of",165,175,216,177,287,296,267,239,197,290,423,342,287,263,360,414,566,579,495,438,330,433,434,337,296,368,507,499,754,910,1009,1133,867,878,921,800,666,631,697,1994
Malta,4,6,6,1,1,3,4,7,7,2,2,4,2,2,3,3,3,4,10,2,4,3,3,3,3,3,4,5,3,4,3,5,5,3,2,3,6,4,2,12
Martinique,0,1,0,0,0,0,0,0,0,0,0,0,0,0,0,0,0,0,0,0,0,0,0,0,0,0,1,0,0,0,0,0,0,0,0,0,1,0,1,2
Mauritania,21,36,40,53,57,67,52,71,64,66,66,84,44,75,90,75,129,155,112,106,104,93,107,97,64,89,149,141,207,296,304,343,271,277,335,303,264,277,263,804
Mauritius,178,212,206,202,353,293,288,225,293,313,294,236,366,405,643,643,744,610,547,512,448,515,535,459,579,814,844,774,866,713,689,666,526,606,560,539,646,709,732,2087
Mexico,5716,8591,9564,7342,8941,5593,4520,3871,3257,4303,6053,5502,7123,8920,10438,8078,8102,6830,6017,6078,5553,7276,9183,9437,11310,13046,13263,9626,10742,9740,9752,9638,10057,10629,12350,11358,13999,13968,42458,70425
Moldova,54,74,85,53,60,63,67,70,71,60,78,79,73,105,500,420,309,305,238,213,113,179,202,189,210,254,297,171,121,141,169,84,86,115,86,78,126,110,178,414
Monaco,1,1,1,1,0,1,1,0,1,0,2,0,1,3,2,0,3,1,1,1,1,0,1,1,1,1,1,1,0,3,0,2,1,0,1,0,1,1,0,2
"Mongolia, People's Republic of",27,30,72,66,147,107,67,114,94,142,136,115,118,124,221,311,328,254,228,241,250,262,324,242,362,314,327,354,431,388,305,397,268,321,270,323,553,363,456,1372
"Montenegro, Republic of",8,7,16,14,14,15,10,18,20,23,32,5,35,22,26,32,20,16,38,33,27,45,27,20,26,32,62,41,65,39,40,36,31,28,38,29,24,44,46,114
Morocco,1231,1236,1501,1587,2575,2196,1815,1567,1639,1957,2299,1867,1912,2139,3433,3659,4059,4646,3516,3210,3164,3590,3742,3157,3516,3941,4839,4378,5585,4925,4356,3785,3768,4406,5793,4867,4584,5422,6022,16028
Mozambique,6,10,2,7,11,7,9,25,12,3,11,8,7,7,17,26,36,34,51,37,12,30,28,13,12,25,29,35,43,48,31,48,38,22,29,27,23,30,38,91
Myanmar (Burma),30,17,41,35,87,83,99,66,107,166,123,118,114,107,172,111,177,216,199,136,142,149,139,112,184,170,229,236,330,338,299,240,297,280,294,349,287,219,320,826
Namibia,8,7,14,13,10,13,20,19,24,31,23,21,14,33,43,33,36,61,34,21,38,40,50,28,29,50,53,41,46,50,40,40,45,47,28,54,45,62,64,171
Nauru,1,0,0,0,0,0,0,0,0,0,1,0,0,0,0,1,0,0,0,0,4,0,1,1,0,0,4,1,6,0,5,1,0,0,0,0,1,1,0,2
Nepal,498,591,861,751,726,420,751,981,1338,1215,1001,1182,1327,1495,2172,2582,2835,2180,1729,1739,2412,2017,2830,2883,3448,3953,4610,4526,6196,6041,5417,5323,6080,5876,3846,4603,5868,3802,3290,12960
New Caledonia,0,0,0,1,1,0,0,0,0,0,1,0,1,2,0,2,0,0,0,0,0,0,0,0,0,1,0,0,0,0,2,0,0,0,1,0,0,0,0,0
New Zealand,111,127,144,159,175,131,99,115,122,151,148,83,258,375,305,274,312,265,257,254,227,250,107,82,439,403,276,311,259,316,264,270,228,223,125,90,431,362,267,1060
Nicaragua,343,177,144,85,115,85,107,139,153,166,241,259,373,301,325,236,257,301,250,254,284,301,290,256,450,408,410,319,333,307,311,307,221,275,316,270,478,371,275,1124
Nigeria,5357,5754,6685,6510,9219,7235,6938,6493,7608,8422,8387,6661,7559,9111,12280,11683,13762,14128,12518,12995,12233,13012,12739,11801,13231,14667,18878,18736,25012,28907,34845,37711,35459,38897,39501,34982,28290,28520,31300,88110
Norway,15,19,28,37,122,44,35,24,22,29,28,12,24,35,24,15,50,63,52,27,26,34,22,23,32,37,30,29,48,57,51,37,45,48,28,19,41,40,37,118
Oman,51,23,39,37,56,41,34,63,57,35,37,59,58,69,88,83,94,95,85,60,60,42,49,33,74,111,103,136,113,74,96,80,42,40,34,52,96,85,124,305
Pakistan,2498,2388,3027,2838,3158,3179,3305,3437,4273,5244,6105,6253,5872,6152,8242,8367,7861,8657,6986,6860,6568,7107,7540,7453,8344,9445,11670,11098,16265,20288,25834,33272,29690,26961,21115,18179,19268,15587,15956,50811
Palestinian Authority (Gaza/West Bank),160,177,201,211,235,188,207,234,200,315,334,302,265,274,422,329,348,424,329,342,321,376,334,320,313,346,411,317,442,493,452,463,369,429,553,531,2147,672,912,3731
"Panama, Republic of",60,56,92,68,134,99,77,106,210,180,154,165,186,166,287,242,350,340,271,300,241,264,195,177,253,307,382,312,372,217,150,156,130,121,132,99,154,129,233,516
Papau New Guinea,0,1,4,2,2,1,1,1,0,4,1,6,0,2,1,0,0,0,1,0,0,0,0,0,0,3,0,0,1,2,3,0,3,1,1,2,0,1,3,4
Paraguay,20,28,8,12,41,17,18,21,21,36,36,29,35,33,61,72,70,77,50,52,43,42,49,48,54,66,99,83,105,87,80,59,58,62,73,63,91,100,104,295
People's Republic of China,11774,11156,16473,16357,23738,19197,18171,14751,16248,13669,14620,13388,12965,12348,18534,18847,25776,27876,26316,23335,23516,22600,24330,21460,24139,33810,49593,46431,52484,47940,44039,39165,39130,36422,37666,34167,37747,31805,51463,121015
Peoples Republic of Benin,127,137,186,191,412,315,257,239,196,280,274,218,227,195,301,259,418,466,437,418,301,360,388,300,328,384,580,532,698,922,844,657,711,783,793,644,630,584,785,1999
Peru,397,356,551,648,1006,783,800,918,1042,1117,1325,1168,1311,1401,1835,2036,2438,2133,1852,2121,2084,2080,1997,1737,2199,2177,2444,2269,2747,2506,2164,2131,2214,1963,1920,1874,2343,2312,2375,7030
Philippines,6726,6635,7725,7485,10608,8044,7747,7593,8842,10405,10217,8927,11094,11450,14988,14744,18059,17323,15195,14518,15988,15829,15320,14317,19258,19004,23327,21509,30167,22973,21132,20004,20318,20193,19208,19968,20767,18729,20085,59581
Poland,131,156,207,183,232,206,168,198,186,154,161,116,129,327,307,163,304,215,216,226,204,175,138,134,278,214,209,205,207,210,210,204,188,187,165,121,192,193,217,602
Portugal,173,190,279,309,369,336,272,267,225,290,213,240,295,477,412,270,316,298,260,283,309,310,207,215,371,336,311,276,327,452,336,270,326,287,237,209,375,277,297,949
Qatar,11,12,6,16,12,23,11,8,24,42,43,32,26,31,25,55,72,58,40,34,23,54,38,7,27,40,60,79,95,71,87,63,37,30,34,42,42,37,61,140
Republic of Djibouti,36,28,35,42,53,51,50,62,48,42,58,37,44,46,64,71,75,96,77,85,61,93,75,65,66,85,126,99,212,396,597,770,587,507,419,329,202,173,186,561
Republic of Indonesia,320,315,361,391,833,516,426,441,599,639,626,607,561,746,1300,1575,1582,1994,1601,1463,1338,1209,1082,929,1414,1916,2391,1857,2781,2138,2181,1877,1516,1287,1122,849,1565,1713,2094,5372
Republic of Ireland,343,260,444,796,904,687,509,487,464,438,467,178,564,2601,1556,315,986,515,520,565,564,583,284,142,1121,1465,922,765,570,538,491,533,447,526,317,182,951,1086,732,2769
Republic of Ivory Coast,503,524,580,544,1058,912,742,691,730,767,924,732,649,643,1047,1105,1369,1818,1608,1315,1096,1383,1362,1085,1099,1386,2001,1856,2493,2977,2826,2465,2152,2281,2517,2123,1812,1727,2287,5826
Republic of Palau,0,0,0,0,0,0,0,0,0,0,0,0,0,0,7,3,0,0,0,2,0,0,5,13,3,0,0,0,4,2,0,1,0,0,0,0,1,0,3,4
Republic of South Africa,396,391,439,462,531,475,469,677,740,1010,843,507,749,911,1379,1441,1792,1638,1528,1382,1133,1086,1088,828,1139,1360,1753,1389,1906,1613,1576,1713,1269,1165,1149,1067,1318,1526,1511,4355
Republic of The Marshall Islands,0,0,0,0,1,1,0,1,0,2,1,1,1,1,1,3,1,4,0,2,0,1,2,2,0,3,2,4,4,0,3,0,0,7,3,2,2,1,0,3
Republic of the Niger,42,42,65,45,94,77,65,67,68,73,95,70,46,55,110,109,110,143,131,119,81,120,116,107,113,135,140,162,240,241,274,187,191,205,246,211,201,183,203,587
Reunion,0,0,0,1,0,0,0,0,0,0,0,0,0,0,0,0,0,0,1,0,0,0,0,0,0,0,0,1,0,0,0,0,0,0,0,0,0,0,0,0
Romania,134,155,188,160,169,178,151,111,97,96,116,110,128,145,199,158,187,136,116,158,197,179,180,157,182,225,243,168,158,197,151,141,152,159,181,157,219,193,233,645
Russia,649,743,896,969,1231,1005,979,969,874,1094,1048,890,846,999,3449,3452,3072,2472,1936,1766,1757,2570,2138,1849,1853,2268,2487,1756,2027,1918,2204,1243,1260,1274,1299,1329,1351,1542,2021,4914
Rwanda,245,288,430,396,579,517,478,414,492,527,546,389,401,445,665,605,730,881,742,571,578,712,645,571,620,721,1119,934,1223,1453,1574,1788,1969,2268,2689,2116,1936,2137,2158,6231
Saint-Martin,0,0,0,1,0,0,0,0,0,0,0,0,0,0,0,0,0,1,0,1,0,1,0,0,0,1,0,0,0,0,0,1,0,0,1,0,0,0,0,0
"Samoa, Independent State Of",0,1,1,2,0,0,1,0,1,2,0,1,0,0,0,0,0,0,1,1,0,0,0,2,3,0,2,2,0,0,0,0,3,0,0,0,0,1,2,3
San Marino,0,0,0,0,0,0,0,0,0,2,1,1,0,0,0,0,1,1,0,0,0,0,0,0,3,1,0,1,0,0,0,0,0,0,0,0,1,0,0,1
Sao Tome and Principe,0,0,0,0,1,0,1,1,0,0,0,0,1,0,2,1,0,1,0,0,1,1,2,0,2,0,0,2,2,0,1,0,0,1,1,0,0,1,1,2
Saudi Arabia,296,370,500,507,433,415,405,405,419,480,443,383,418,416,659,706,665,724,482,557,434,438,356,487,490,647,833,754,988,787,726,819,523,409,502,500,608,767,1063,2438
Senegal,441,459,540,531,987,974,906,871,716,812,1362,1128,703,608,1121,1204,1446,1966,1863,1746,1210,1677,2284,1845,1560,1744,2280,2499,4600,5979,7467,8449,5954,7288,7204,6074,5209,4935,5501,15645
"Serbia, Republic of",94,115,158,124,177,168,106,157,142,192,163,158,148,156,305,317,344,308,206,205,199,196,208,244,300,306,439,391,359,342,313,324,232,243,242,251,309,333,400,1042
Seychelles,1,0,1,3,6,1,3,2,4,2,3,2,0,4,8,8,22,13,11,5,6,8,8,2,3,2,5,2,9,7,4,3,10,3,7,4,1,12,10,23
Sierra Leone,15,22,20,46,32,33,26,30,48,46,32,47,35,45,71,42,87,126,120,148,78,129,86,43,62,55,108,110,138,125,184,212,213,222,239,143,168,174,201,543
Singapore,69,63,84,88,168,96,88,55,109,67,65,64,68,71,78,99,185,161,88,93,90,78,75,83,59,84,81,90,171,129,115,70,88,78,65,68,80,60,83,223
Sint-Maarten,0,1,0,1,3,0,2,0,0,0,0,0,0,0,0,0,0,0,0,0,0,0,0,0,0,0,1,0,0,1,1,0,0,0,0,0,1,0,0,1
Slovak Republic,55,57,89,115,143,80,69,67,55,49,74,42,39,106,207,60,132,77,64,62,34,51,39,28,83,210,91,94,98,88,67,72,77,55,57,35,127,107,102,336
Slovenia,20,19,15,12,19,12,12,18,12,13,13,10,7,23,14,15,10,9,10,12,10,5,9,10,13,14,9,6,8,22,7,9,10,12,9,7,14,13,7,34
Socialist Republic of Vietnam,3152,2109,3183,3259,4948,3467,3161,2382,2495,2893,3362,3764,4336,3302,6353,6612,8060,7303,5913,5433,5485,5173,4947,4873,4352,5563,8140,7594,8473,8300,8664,8202,7689,7951,7942,7749,8249,5435,8787,22471
"Solomons, The",0,0,3,6,2,3,3,0,3,2,2,1,0,1,1,1,0,4,2,4,1,3,1,5,1,9,2,0,3,2,0,7,6,3,3,2,3,1,0,4
"Somalia, Democratic Republic of",67,71,61,93,64,68,69,96,108,92,104,77,87,79,103,70,72,82,78,93,97,87,101,76,87,83,94,87,122,132,201,188,220,258,254,205,258,199,169,626
"South Sudan, Republic Of",3,6,2,7,12,5,7,11,7,10,10,6,4,6,18,19,16,34,15,28,8,17,16,15,13,7,24,11,49,28,27,58,59,70,50,29,21,41,46,108
Spain,279,361,477,574,1324,791,461,365,318,355,361,270,261,733,747,800,1113,925,550,516,405,377,323,253,617,667,771,766,892,821,622,474,431,471,284,271,605,616,589,1810
Sri Lanka,625,693,921,760,1242,887,1293,1200,1350,1721,1890,1585,1596,2105,2752,3277,3214,2993,2353,2253,2199,2168,2076,2200,2472,2988,3500,3308,4401,5248,6125,7663,8093,8912,7501,5923,6248,6790,8275,21313
St. Kitts-Nevis,15,31,19,27,36,40,33,29,46,42,37,28,54,33,60,95,56,104,58,65,64,53,304,54,59,80,85,68,91,67,70,63,161,32,48,53,40,51,60,151
St. Lucia,63,48,110,67,69,68,54,59,40,80,128,99,85,117,186,185,286,179,132,132,119,142,129,122,164,194,275,255,281,177,117,105,114,121,101,68,124,117,151,392
St. Vincent and the Grenadines,67,136,63,99,84,62,52,36,57,42,69,61,69,78,167,163,109,118,98,85,70,60,76,72,94,148,178,161,191,164,154,141,93,76,106,67,126,152,151,429
Stateless,78,85,94,88,82,112,92,80,140,156,139,104,144,137,171,151,184,207,175,164,149,138,137,113,116,167,142,153,191,231,186,198,195,186,225,203,206,207,179,592
Surinam,2,2,4,4,5,8,14,7,18,15,14,11,5,9,44,21,33,18,18,24,14,32,10,17,18,55,52,26,42,31,33,32,17,38,36,11,37,29,39,105
Swaziland,5,2,4,3,10,5,4,3,8,8,8,10,5,12,5,17,13,35,33,12,5,10,17,12,15,12,10,19,20,24,23,28,15,10,28,26,12,12,11,35
Sweden,49,55,87,89,236,140,120,73,69,83,67,45,63,123,106,92,124,103,121,92,77,77,67,58,96,84,112,119,115,138,124,101,100,80,82,69,84,112,92,288
Switzerland,77,98,211,168,388,181,127,125,125,117,86,88,69,117,135,143,181,190,241,134,100,97,87,74,171,132,156,143,207,197,207,126,118,75,78,83,130,99,147,376
Syria,193,227,288,214,316,281,213,327,379,361,372,327,333,375,646,575,595,731,481,580,542,504,478,486,501,598,674,747,1029,1201,1241,1691,3139,1546,1998,2305,1424,1074,1064,3562
Tadjikistan,11,8,22,14,20,16,20,21,17,15,30,28,10,18,79,98,42,81,88,53,45,42,45,47,38,47,89,69,58,70,87,65,64,78,82,78,70,73,123,266
Taiwan,327,360,468,530,917,601,480,452,463,471,492,354,422,756,822,797,822,615,481,512,541,451,413,372,661,1408,1235,1121,1253,1030,719,586,782,1118,629,462,638,779,1009,2426
Thailand,250,452,525,421,748,613,495,512,808,1151,1171,1120,1202,1438,1424,1515,1976,1631,1359,1107,1108,1161,1150,1111,1961,1768,2035,1808,2390,1624,1165,1227,1035,948,891,925,1417,1352,1435,4204
The Netherlands,141,122,173,210,333,194,238,187,168,116,166,132,165,433,237,115,182,284,229,202,155,140,120,98,328,334,257,196,203,290,228,192,175,181,136,75,315,337,159,811
The Netherlands Antilles,0,0,0,0,1,0,0,0,1,0,0,0,0,0,0,0,0,0,0,0,0,0,0,0,0,0,0,0,0,0,0,0,0,0,0,1,0,0,0,0
"Togo, Republic of",152,143,188,183,427,344,295,262,214,349,316,243,201,190,311,275,372,454,427,365,271,406,376,340,397,443,658,633,830,1029,1072,909,881,1097,1122,906,869,773,857,2499
Tonga,1,0,0,0,2,1,0,0,0,0,0,2,2,2,3,3,1,0,0,6,9,4,3,2,0,3,3,3,6,5,1,5,0,3,1,0,2,1,2,5
"Trinidad and Tobago, Republic of",250,267,364,261,286,412,363,293,345,436,568,497,601,729,1119,1150,1601,1595,1366,1168,941,906,989,795,1185,1114,1654,1643,2004,1071,864,566,480,567,628,467,638,639,797,2074
Tunisia,824,952,1164,870,1236,1215,923,1181,1222,1339,1766,1523,1287,1546,2145,1906,2080,2496,2053,1997,2262,2483,2429,2300,2426,2794,3019,2430,3147,3315,3045,3247,2923,3325,3312,2999,3089,3544,3381,10014
Turkey,980,1008,1262,1258,1780,1807,1537,1706,2096,2132,2012,1750,1796,2219,3148,3232,3298,3364,2361,2591,2574,2563,2768,2584,3189,3244,5002,5412,5627,6350,8246,15199,15363,10684,9757,8912,4818,3549,3829,12196
Turkmenistan,6,5,10,10,11,6,10,14,17,16,10,14,7,17,82,74,32,73,46,41,44,33,38,25,42,34,57,23,42,35,37,28,18,30,25,24,35,33,36,104
Turks and Caicos Islands,0,0,0,0,0,0,0,0,0,0,0,0,0,0,0,0,1,0,0,0,0,1,0,0,0,0,0,0,0,0,0,0,0,0,0,0,0,0,0,0
Tuvalu,0,0,1,1,0,0,0,0,0,0,0,0,0,0,0,1,0,0,1,0,3,1,3,0,0,0,0,0,1,2,6,0,0,0,0,0,0,4,1,5
Uganda,200,195,292,288,363,332,422,495,525,473,484,461,492,697,1055,1201,1498,1388,1335,1204,936,936,1164,785,1031,1233,1833,1920,2219,2458,2844,2781,2691,2858,2854,2313,2787,3230,2955,8972
Ukraine,736,783,924,942,1122,1074,1079,1017,1168,1114,1207,1145,1117,1980,163649,161565,138685,122241,95929,85119,60459,67987,55416,46328,61423,76985,90607,30223,34046,51339,91386,2486,2322,2543,3030,2803,5270,9986,34674,49930
United Arab Emirates,8,13,22,17,21,26,10,14,16,12,15,22,15,17,12,26,38,33,19,34,12,18,31,21,25,13,23,44,50,33,75,54,18,23,27,30,11,21,30,62
United Kingdom and Colonies,1148,1211,1726,1966,2567,1855,1898,1850,1598,1359,1470,971,1253,2779,3261,1191,2522,2171,2254,2246,1793,1387,1178,993,2422,2502,1880,1691,1924,2232,2271,2075,1737,1603,1126,920,2542,2975,1810,7327
United Republic of Tanzania,129,132,163,149,236,182,178,175,250,250,196,178,160,204,273,326,389,373,317,305,344,299,305,237,304,333,402,376,555,835,1053,1035,862,885,916,747,750,905,822,2477
United States of America,1750,1904,2527,2741,4018,2538,2152,1876,1566,1582,1287,1243,1380,1427,1802,1731,2116,2263,1868,1935,1497,1342,1221,1206,1409,1388,1728,1644,2391,2297,2505,1958,1622,1453,1418,1199,1636,1387,1737,4760
Uruguay,22,34,40,30,68,40,36,42,50,46,34,62,56,83,125,162,195,164,129,132,104,110,93,106,133,111,165,132,205,102,79,40,55,45,48,46,73,100,122,295
Uzbekistan,41,35,64,77,76,60,59,66,67,102,81,96,109,68,190,212,368,249,184,199,183,156,241,169,178,273,326,264,282,299,353,412,538,761,759,721,836,1264,1386,3486
Vanuatu,0,1,5,3,3,7,2,0,0,2,3,7,4,9,4,20,5,24,8,24,6,10,7,13,5,7,12,13,12,14,18,11,18,9,11,11,6,11,19,36
Venezuela,504,478,560,540,656,571,552,582,598,584,644,653,742,863,1062,935,1013,958,832,954,804,851,824,694,871,1069,1695,1377,1108,1281,998,924,923,903,846,753,854,894,987,2735
"Virgin Islands, British",0,0,0,0,0,0,1,0,0,0,0,0,0,0,0,0,0,0,0,0,0,0,0,0,0,0,0,0,0,0,0,0,0,0,0,0,0,0,1,1
Western Sahara,0,0,0,0,0,0,0,0,0,0,1,0,1,0,0,0,0,0,1,0,0,0,1,1,0,0,0,0,0,1,0,2,1,0,0,0,1,2,1,4
Yemen,127,127,178,135,184,146,154,170,232,257,238,232,220,198,262,210,258,280,250,282,229,291,219,213,255,283,321,238,354,432,392,346,296,298,328,307,286,317,282,885
Zambia,29,28,43,32,73,48,51,55,57,62,84,45,47,82,88,83,196,176,134,102,86,100,117,102,70,94,156,98,151,158,173,171,113,116,137,136,91,93,88,272
Zimbabwe,148,139,187,176,269,219,241,194,220,289,267,195,226,207,407,395,543,563,507,378,347,445,433,332,409,467,691,611,761,815,780,782,741,773,749,611,646,649,675,1970
Other*,39,36,36,39,28,68,145,166,132,229,172,360,144,95,245,430,381,731,848,922,398,379,317,538,380,176,165,299,360,528,831,590,344,344,241,535,325,302,498,1125
"Temporary Resident applications include: Temporary Resident Visas, Visitor Records, Study Permits, Study Permits Extensions, Work Permits and Work Permits Extensions.",0,0,0,0,0,0,0,0,0,0,0,0,0,0,0,0,0,0,0,0,0,0,0,0,0,0,0,0,0,0,0,0,0,0,0,0,0,0,0,0
"*Other countries include unknown, missing or invalid information.",0,0,0,0,0,0,0,0,0,0,0,0,0,0,0,0,0,0,0,0,0,0,0,0,0,0,0,0,0,0,0,0,0,0,0,0,0,0,0,0
