Country,2021-01,2021-02,2021-03,2021-04,2021-05,2021-06,2021-07,2021-08,2021-09,2021-10,2021-11,2021-12,2022-01,2022-02,2022-03,2022-04,2022-05,2022-06,2022-07,2022-08,2022-09,2022-10,2022-11,2022-12,2023-01,2023-02,2023-03,2023-04,2023-05,2023-06,2023-07,2023-08,2023-09,2023-10,2023-11,2023-12,2024-01,2024-02,2024-03
Afghanistan,153,161,131,108,103,146,166,112,123,162,282,278,290,993,363,195,211,376,248,325,617,1434,917,448,370,662,867,826,739,601,477,520,610,689,854,672,783,840,2215
Albania,346,270,292,255,201,347,273,334,293,375,409,310,393,362,409,111,172,299,441,276,297,398,536,709,325,583,832,378,709,465,480,585,382,454,643,495,886,624,532
Algeria,3706,1402,1104,1035,829,1184,2286,1827,1783,1688,2843,2229,2294,4172,2889,3110,2363,2824,2931,4661,4389,2667,3913,4085,3642,3553,5330,4402,16606,12161,7300,15139,13981,15188,19928,21572,29019,18528,11900
Andorra,1,1,1,3,1,4,2,4,4,Missing,1,2,2,1,7,2,4,3,3,4,2,3,Missing,2,1,2,Missing,1,2,3,3,2,3,1,3,4,3,2,3
Angola,85,85,100,81,70,52,59,56,89,65,103,84,122,92,146,154,137,167,164,173,170,179,180,132,143,154,244,263,206,265,109,212,170,159,185,149,142,160,170
Antigua and Barbuda,24,25,26,26,31,35,45,25,47,53,44,50,48,36,64,62,67,32,56,125,48,225,265,108,284,124,98,77,181,147,105,99,93,54,73,37,40,36,45
Argentina,278,181,297,239,266,283,236,306,211,261,349,412,417,592,776,717,827,723,1289,1203,760,1986,1269,984,1636,1226,1210,1648,1840,1697,906,882,512,570,708,440,474,470,515
Armenia,76,54,63,52,68,69,43,79,122,87,57,53,101,85,133,91,64,85,48,56,116,170,103,118,97,119,141,118,360,203,147,210,162,353,390,246,257,123,155
Aruba,1,Missing,Missing,2,1,Missing,1,Missing,1,Missing,Missing,Missing,Missing,Missing,Missing,Missing,Missing,Missing,Missing,Missing,Missing,Missing,Missing,Missing,Missing,Missing,Missing,Missing,Missing,Missing,Missing,2,Missing,Missing,1,Missing,Missing,1,Missing
Australia,922,566,659,609,585,507,444,497,553,467,659,675,559,758,986,706,850,913,985,1455,1231,910,856,456,478,722,1006,539,1405,1515,1341,1207,971,996,713,385,558,860,886
Austria,70,56,63,54,92,94,53,91,64,47,84,71,45,23,27,19,43,99,113,77,91,62,58,29,55,90,57,37,62,73,75,62,38,33,37,34,47,81,74
Azerbaijan,108,87,105,73,65,98,92,88,93,78,129,85,101,200,147,146,200,167,74,95,387,248,148,438,216,265,443,161,432,362,355,476,234,740,1100,375,318,392,324
"Bahama Islands, The",187,170,212,155,202,261,200,234,232,169,132,186,145,134,158,153,235,258,242,328,222,205,205,253,266,195,221,149,225,273,246,279,280,219,212,167,210,200,171
Bahrain,13,11,13,15,17,21,21,24,20,24,39,32,13,30,43,51,49,40,25,41,142,28,32,24,238,79,72,41,72,85,180,76,59,79,52,30,68,59,53
Bangladesh,2112,1809,1924,1619,1325,1981,2452,2481,2143,2410,2637,3543,3048,2730,2447,1674,1659,4051,3491,4134,3956,2638,6845,10422,4101,5042,7807,4897,8765,7453,11818,11253,9172,16378,22609,16190,20296,22394,19500
Barbados,77,73,126,109,109,131,106,109,83,74,62,89,84,78,107,82,121,134,151,159,121,129,142,82,149,165,156,142,208,155,164,184,133,136,143,96,109,189,177
Belarus,90,57,39,50,76,73,66,115,107,81,58,77,101,49,91,199,122,144,127,121,123,299,206,212,172,67,120,86,267,168,181,284,220,318,504,367,245,120,110
Belgium,277,219,233,173,223,220,399,561,292,151,244,195,114,247,361,181,272,379,390,355,254,229,286,176,243,263,287,169,361,395,368,237,273,264,214,145,313,305,294
Belize,24,13,19,21,14,26,33,36,25,15,40,37,65,40,42,24,36,46,52,63,41,97,115,71,100,77,68,58,104,91,60,111,88,78,102,46,65,68,104
Bermuda,1,2,Missing,2,5,10,4,18,17,1,1,1,2,Missing,Missing,2,3,Missing,2,5,2,Missing,1,Missing,1,1,Missing,2,7,5,6,5,3,2,1,3,1,1,1
Bhutan,18,33,41,27,24,20,31,84,68,23,159,94,71,33,41,43,57,87,107,59,129,65,101,68,127,81,163,193,125,360,397,249,196,122,550,517,337,101,219
Bolivia,56,33,69,38,38,69,68,125,68,107,120,115,118,129,135,120,222,122,130,128,68,209,280,172,165,158,197,189,364,288,259,334,203,151,189,130,173,206,252
Bosnia-Hercegovina,36,28,40,55,20,36,41,37,47,43,54,50,33,31,43,26,35,51,24,121,96,63,76,68,69,52,84,50,156,89,110,104,46,43,74,79,62,71,96
"Botswana, Republic of",20,7,18,12,9,11,10,31,18,18,23,29,14,25,21,21,33,37,81,46,27,37,35,45,23,35,34,54,85,49,32,57,40,31,46,27,79,19,23
Brazil,2679,3016,2538,1747,2387,3064,4019,3727,3124,2348,3913,2495,2977,4224,3334,4000,4569,3302,2712,3497,3119,4846,6959,8827,5588,4275,5915,3961,5361,5345,5372,5351,3865,5006,4761,4114,4982,3799,5392
British Indian Ocean Territory,Missing,Missing,Missing,Missing,Missing,Missing,Missing,Missing,Missing,Missing,Missing,Missing,Missing,Missing,Missing,Missing,1,Missing,Missing,Missing,Missing,Missing,Missing,Missing,Missing,Missing,Missing,1,Missing,Missing,Missing,Missing,Missing,Missing,Missing,Missing,Missing,Missing,Missing
Brunei,3,1,2,4,1,4,3,3,7,3,3,4,2,8,4,Missing,9,2,9,6,4,2,7,2,3,Missing,1,1,12,7,5,10,4,4,2,2,4,1,5
Bulgaria,38,50,38,39,48,57,60,52,28,35,29,25,33,21,30,22,23,30,44,50,75,18,36,26,28,33,44,29,38,24,18,36,30,29,22,26,27,27,42
Burkina-Faso,190,136,154,165,130,190,274,245,288,173,288,304,267,312,339,223,287,401,324,529,365,362,482,492,491,421,437,707,791,692,578,523,587,647,801,781,758,2357,1791
Burundi,287,202,209,137,121,118,255,210,160,112,140,120,132,220,238,127,209,194,180,223,259,261,254,237,278,174,258,940,631,545,493,1205,1159,1126,1933,679,993,1411,780
Cambodia,33,47,38,19,36,67,51,47,56,32,66,33,102,62,79,29,182,158,55,202,143,208,440,206,174,201,261,230,247,318,347,285,272,247,267,259,298,290,290
Cape Verde Islands,4,2,2,2,2,1,1,6,1,3,11,3,1,5,4,4,3,4,Missing,7,5,4,5,3,5,9,7,5,5,4,10,8,6,12,4,3,5,1,5
Cayman Islands,Missing,Missing,Missing,Missing,Missing,3,Missing,Missing,7,Missing,Missing,Missing,Missing,Missing,Missing,Missing,Missing,Missing,2,2,Missing,Missing,Missing,1,Missing,1,Missing,Missing,1,1,2,3,Missing,Missing,1,Missing,Missing,Missing,Missing
Central African Republic,16,15,11,12,9,17,27,34,12,13,24,20,28,14,35,13,13,22,12,23,35,16,25,15,18,21,33,79,46,32,45,48,21,51,36,30,31,56,60
"Chad, Republic of",128,75,64,41,50,70,78,96,55,54,103,121,152,159,111,142,126,148,140,146,176,153,197,257,194,401,311,570,460,363,375,611,313,444,1021,435,496,750,1114
Chile,679,525,672,443,548,524,546,685,633,582,425,373,330,348,501,522,614,491,479,636,486,483,578,512,731,698,1114,787,1370,1282,903,830,872,1599,1801,870,798,735,912
Colombia,2720,2391,2746,1774,1653,2494,2075,2603,4284,3025,5198,3936,4307,5633,8907,5849,4944,3949,4506,6891,5001,9985,18623,15603,5367,6658,7963,7170,7593,8443,9954,9875,8522,11362,10165,6680,7880,8595,8911
Commonwealth of the Northern Mariana Islands,Missing,Missing,Missing,Missing,Missing,Missing,Missing,Missing,Missing,Missing,1,Missing,Missing,Missing,Missing,1,Missing,Missing,Missing,1,Missing,Missing,Missing,Missing,Missing,2,2,Missing,1,Missing,1,Missing,1,Missing,Missing,1,1,1,1
Comoros,11,10,5,15,10,9,19,9,23,7,7,8,8,16,17,6,7,19,10,18,20,8,16,26,16,13,19,27,33,21,23,36,22,22,25,15,28,28,17
"Congo, Democratic Republic of the",831,541,647,640,639,743,1274,1224,981,704,1141,1140,1333,1235,1332,1360,1403,1574,1795,2283,2163,1839,2074,1794,2011,1629,2027,4826,4332,2652,2442,2977,2276,3504,4551,2848,4720,5452,2794
"Congo, People's Republic of the",144,83,109,84,86,126,190,178,130,106,185,141,159,156,169,124,125,178,200,235,213,194,231,260,236,213,236,490,357,296,231,300,298,342,400,286,373,714,1000
Costa Rica,80,99,90,94,124,113,117,171,107,197,296,272,524,330,549,266,241,419,471,459,307,852,1215,931,907,703,868,521,1070,1322,602,675,740,424,535,285,265,326,525
Croatia,115,99,91,84,76,67,45,62,55,51,51,44,55,53,55,53,68,48,51,54,72,42,48,40,54,54,58,43,48,60,52,44,44,48,50,34,44,44,49
Cuba,248,209,207,158,169,195,198,341,215,260,319,555,889,688,731,414,370,537,586,432,387,813,1308,1606,1251,852,1041,648,826,780,637,928,1004,912,1312,888,745,830,1322
Curacao,Missing,Missing,Missing,1,Missing,Missing,1,Missing,1,Missing,Missing,Missing,Missing,1,Missing,Missing,Missing,Missing,Missing,Missing,Missing,Missing,Missing,Missing,Missing,Missing,Missing,Missing,Missing,Missing,Missing,Missing,Missing,Missing,Missing,Missing,Missing,Missing,Missing
Cyprus,7,11,5,6,8,9,8,13,4,4,7,5,4,2,3,11,9,7,3,5,8,13,8,4,10,10,12,4,13,9,13,3,10,8,5,12,7,6,7
Czech Republic,326,134,209,211,198,162,140,181,143,120,139,159,76,171,341,207,173,205,154,171,155,131,150,74,146,186,241,90,273,224,166,166,157,174,150,77,109,175,186
Democratic Republic of Sudan,145,143,151,136,114,130,134,81,113,128,176,170,165,292,293,132,147,156,187,185,178,301,420,322,270,468,374,546,1054,8298,13830,15377,1318,867,792,353,869,681,412
Denmark,64,29,41,68,91,105,101,161,57,94,112,66,28,45,95,55,109,105,105,93,67,47,44,28,31,43,51,43,150,112,92,62,66,43,56,36,43,47,64
Dominica,35,30,59,29,30,23,38,23,22,29,83,57,81,99,101,44,41,46,47,50,35,80,81,95,164,190,247,218,172,167,120,135,203,193,168,120,172,183,185
Dominican Republic,257,200,210,197,192,235,269,393,220,222,408,571,877,716,832,482,489,525,551,554,304,1466,1846,1761,1352,1131,1311,768,1208,1425,1068,1454,1647,1560,2180,1246,1037,1234,2242
"East Timor, Democratic Republic of",Missing,Missing,1,Missing,1,3,Missing,Missing,Missing,Missing,1,Missing,Missing,1,1,Missing,4,1,2,2,11,1,Missing,5,Missing,2,Missing,1,5,7,Missing,Missing,4,2,1,Missing,1,13,7
Ecuador,382,342,414,273,299,227,293,765,851,421,735,531,526,851,1210,828,704,469,774,965,651,1399,2534,2280,779,958,1224,1043,1326,2208,982,1578,2826,1493,1200,947,1167,1063,1605
Egypt,686,650,882,553,709,830,746,679,768,872,1332,1159,1023,1770,1895,989,1087,1163,930,1275,1171,2080,2820,1898,1671,2472,2271,2283,2900,2310,1914,2118,2018,1780,2086,1870,2358,2552,2575
El Salvador,224,149,149,145,151,140,137,268,158,167,296,292,436,436,451,252,394,412,316,366,231,789,758,594,925,432,781,402,534,660,465,602,678,589,780,399,428,491,796
Equatorial Guinea,6,4,2,Missing,3,1,2,4,6,4,1,4,2,1,3,4,2,2,2,10,10,5,4,10,8,5,5,17,14,5,19,17,4,4,15,6,5,16,10
Eritrea,98,53,74,58,42,47,60,41,42,38,58,57,73,69,67,57,54,82,89,87,96,172,132,127,148,189,146,143,199,160,136,128,114,191,171,76,177,142,133
Estonia,26,12,14,8,5,16,9,12,12,4,8,11,5,10,28,24,13,19,14,19,19,12,15,11,4,14,25,10,25,25,26,14,21,16,19,13,7,22,13
Ethiopia,283,231,246,230,181,269,355,284,354,376,554,389,360,504,500,379,403,571,383,683,615,956,819,904,899,1165,1346,2269,3326,1948,989,1213,2947,2094,2034,2144,2276,2405,2713
Federal Republic of Cameroon,1156,855,789,970,982,1357,1660,1554,1200,933,1416,1306,1360,1714,1981,1203,1486,1971,2061,2795,2166,2023,2443,2551,2810,2431,3042,3953,5459,4633,3242,3723,3626,4992,5907,4305,5801,6756,4941
Federal Republic of Germany,867,570,758,779,1244,1515,1292,1381,691,722,1083,861,553,767,1294,919,1530,1430,1363,1177,821,593,665,428,428,460,1036,796,2070,1528,1212,880,652,692,734,384,576,791,950
Federated States of Micronesia,Missing,Missing,Missing,Missing,Missing,Missing,Missing,Missing,Missing,Missing,1,Missing,Missing,Missing,1,1,2,Missing,Missing,2,Missing,1,4,2,3,1,4,Missing,3,2,11,64,2,14,7,3,1,1,1
Fiji,35,33,39,39,30,17,18,19,19,28,71,45,34,52,99,59,81,123,139,172,166,147,182,212,173,171,180,228,309,391,197,223,258,114,132,252,149,223,181
Finland,28,43,49,47,43,64,44,59,33,31,33,23,12,21,25,18,33,52,42,38,28,38,36,12,24,30,20,32,39,40,36,23,48,19,26,20,23,21,22
France,5031,4042,4283,3484,4093,5374,6608,7627,6078,3513,5162,3924,2831,3649,4724,3833,5177,6642,8219,7987,4100,3363,3761,3055,4122,5645,7287,4525,7871,6719,5675,3983,3125,2968,2689,2030,3642,3583,4759
French Polynesia,Missing,Missing,Missing,1,Missing,14,5,5,8,1,Missing,Missing,Missing,Missing,Missing,Missing,Missing,Missing,Missing,Missing,Missing,Missing,Missing,Missing,Missing,Missing,Missing,Missing,1,2,3,3,3,3,2,Missing,1,1,1
Gabon Republic,50,37,25,30,33,38,56,87,57,41,66,48,50,76,79,49,40,66,83,108,97,82,102,100,106,78,85,127,150,99,117,100,107,121,138,112,97,242,183
Gambia,75,42,38,71,40,41,79,85,51,51,89,81,97,95,109,149,93,90,92,84,87,111,166,79,91,226,171,410,301,171,220,311,150,273,823,430,299,267,273
Georgia,63,44,58,53,34,30,23,30,25,40,90,50,80,141,159,199,229,180,151,151,156,128,747,238,108,213,342,186,266,270,378,340,356,559,1199,749,319,240,194
Ghana,659,457,534,423,482,608,766,861,920,689,1938,772,1424,1209,1074,654,917,1270,1226,1783,1518,2016,2372,1693,1067,2697,2927,5638,4883,7376,8095,6282,3014,3771,7806,8632,20315,18795,12007
Greece,166,146,151,171,169,144,115,109,111,101,114,92,62,113,147,108,98,146,141,140,178,117,112,89,101,117,199,101,236,176,144,151,124,121,128,115,141,143,130
Grenada,38,31,28,27,27,22,67,35,33,43,56,62,20,66,63,41,54,31,40,73,47,147,180,148,225,141,96,111,182,200,190,177,206,127,734,294,272,109,105
Guadeloupe,Missing,Missing,Missing,Missing,Missing,Missing,Missing,Missing,Missing,Missing,Missing,Missing,Missing,Missing,Missing,Missing,Missing,Missing,1,Missing,Missing,Missing,Missing,Missing,Missing,Missing,Missing,1,Missing,Missing,Missing,Missing,Missing,Missing,1,2,1,Missing,Missing
Guatemala,1860,1927,1942,2530,2694,2369,1458,1356,933,751,1205,1335,2222,3350,3809,1999,2001,2038,1535,2056,1220,1576,1925,2239,3280,2852,4278,2591,2849,2288,1874,1890,2141,1664,1610,1560,2755,2713,3660
Guinea-Bissau,4,4,6,4,1,4,2,6,1,3,4,Missing,5,5,Missing,4,2,3,3,6,8,4,10,1,7,Missing,4,9,14,15,10,9,10,11,13,12,12,6,33
"Guinea, Republic of",375,305,217,265,245,362,628,688,394,289,592,625,727,603,918,439,647,587,417,537,1204,293,1071,1051,1685,1723,1594,2025,1988,1278,2605,2391,2301,2957,2793,1568,2891,3559,2743
Guyana,127,138,157,139,110,162,130,125,133,233,228,335,191,351,415,471,429,154,278,340,174,1049,1039,777,876,552,617,580,789,1083,613,733,714,620,522,410,588,617,692
Haiti,1785,863,785,487,576,605,811,1117,762,595,944,1438,2212,1892,1867,1652,1592,2090,2531,2937,1617,2407,4826,5233,5214,3367,4178,3384,3196,3268,2772,4881,4419,4415,6226,3811,2610,3580,4226
Holy See,Missing,Missing,Missing,Missing,Missing,Missing,1,Missing,1,Missing,Missing,1,Missing,1,1,1,Missing,1,Missing,Missing,Missing,Missing,Missing,Missing,Missing,Missing,Missing,Missing,Missing,Missing,Missing,Missing,Missing,1,1,Missing,Missing,Missing,Missing
Honduras,201,130,144,210,194,188,200,274,180,163,246,263,449,395,435,227,240,273,289,294,201,518,653,694,528,553,556,417,570,487,455,608,592,578,747,429,424,447,755
Hong Kong,761,749,1124,1210,1997,2747,3140,2869,2123,1791,1861,1799,1751,1286,2212,1436,3298,4205,3842,3957,2524,2146,3309,2980,2928,3508,4605,3359,2900,2573,2687,2985,1915,1799,2312,1623,2318,2064,1921
Hungary,125,101,130,114,103,108,100,101,72,84,56,63,95,88,73,82,77,90,107,148,124,88,111,75,145,120,129,86,140,94,122,120,122,129,110,93,85,117,121
Iceland,15,23,12,12,7,12,19,17,18,11,12,13,9,14,10,6,11,24,17,23,11,18,21,17,25,14,18,16,20,20,22,19,28,10,7,16,16,15,21
India,41541,63304,63658,48929,34081,39535,55478,64951,58049,51357,69122,66555,80343,103935,103513,70587,97548,112021,117450,153837,133315,149693,166834,155821,158551,149391,156693,111322,186616,187589,159642,152740,145225,149066,145410,109199,168097,169946,140124
Iran,3929,4585,5058,4043,4400,5547,4988,4348,8260,8243,9201,8520,9497,6812,7940,7958,8424,7445,8426,11356,10239,11268,15954,9449,12726,13704,16488,7364,12862,16694,14639,24466,23317,20083,27451,27560,33481,35954,16159
Iraq,237,195,334,221,122,131,135,138,330,261,489,470,395,426,611,332,430,534,375,827,480,513,791,401,254,854,908,758,883,620,929,876,601,816,1073,805,564,860,1251
Isle of Man,Missing,1,Missing,Missing,Missing,Missing,Missing,Missing,Missing,Missing,Missing,Missing,Missing,Missing,Missing,Missing,Missing,Missing,Missing,Missing,Missing,Missing,Missing,Missing,Missing,Missing,Missing,Missing,Missing,Missing,Missing,Missing,Missing,Missing,Missing,Missing,Missing,Missing,Missing
Israel,366,268,377,302,340,376,306,341,217,220,230,211,181,197,270,227,237,340,287,297,278,180,255,215,273,219,300,307,436,530,385,307,290,333,282,244,717,420,458
Italy,689,579,670,536,611,845,1055,757,490,494,634,450,356,383,552,423,736,791,825,650,544,465,548,418,521,590,713,467,875,1063,820,608,560,605,614,379,481,620,632
Jamaica,1535,1742,3342,2309,2591,2817,1885,1775,1181,1007,1817,1585,1608,3188,3362,3152,3376,2574,2482,2659,1796,2717,5362,2441,7549,7041,6900,4222,6439,6544,5027,6339,3638,3569,6710,5372,3783,4285,5122
Japan,1543,1068,1215,1223,1303,1181,1263,1428,1583,1321,1573,1588,1567,2042,2091,1497,1750,2148,2098,2150,1347,1437,1358,1133,1329,1565,1789,1127,2952,2591,2480,1987,1425,1110,1116,847,1589,1715,1767
Jordan,430,518,706,674,582,398,464,701,1301,816,1507,1298,940,1031,1162,790,1215,1432,1457,2296,1579,1252,1332,1410,1271,2792,2966,2415,2842,1901,2328,2071,1164,1961,2162,1754,1585,2234,4252
Kazakhstan,295,318,182,161,285,343,269,278,320,219,223,232,197,142,248,162,173,162,182,188,207,333,416,658,358,313,492,398,666,521,337,481,486,645,822,407,601,449,423
Kenya,455,357,412,401,306,348,419,655,620,564,796,559,510,579,1085,880,688,874,773,1682,1175,1037,1569,1431,1859,1029,1749,5437,5721,2338,2120,2378,5485,4962,5337,3677,5912,4543,7963
Kiribati,Missing,Missing,Missing,Missing,Missing,Missing,Missing,Missing,Missing,Missing,Missing,Missing,Missing,Missing,Missing,Missing,Missing,Missing,2,2,7,Missing,4,2,Missing,Missing,6,Missing,2,5,4,Missing,Missing,Missing,1,Missing,1,1,1
"Korea, People's Democratic Republic of",3,1,2,Missing,Missing,Missing,4,Missing,1,1,Missing,1,Missing,Missing,Missing,4,4,1,2,Missing,Missing,6,2,3,1,Missing,1,Missing,3,2,1,Missing,3,2,2,1,2,3,2
"Korea, Republic of",2875,2504,2711,2527,3014,3532,3098,2152,2350,2113,2290,1919,1940,1544,2311,2508,3563,3360,2724,2596,1651,2256,2259,1726,2070,2567,3600,2209,5240,4027,3273,3283,2182,2334,2433,1506,2681,4014,4552
"Kosovo, Republic of",49,56,59,67,40,44,45,41,73,123,108,152,88,69,73,51,20,44,40,214,166,110,175,148,161,125,135,101,258,184,200,169,131,96,203,157,126,167,122
Kuwait,123,66,70,60,86,93,89,141,97,147,182,93,89,150,150,170,147,177,139,265,444,80,86,296,374,276,197,183,427,228,383,442,218,115,161,121,130,129,148
Kyrgyzstan,41,46,24,36,30,44,46,40,48,37,43,40,55,26,57,28,37,40,36,23,65,38,63,94,44,50,81,52,134,83,64,130,135,141,228,83,138,51,71
Laos,1,4,7,2,7,3,6,7,10,7,5,7,7,5,12,6,25,22,12,4,33,18,61,29,14,35,28,38,58,53,66,73,39,61,69,58,60,84,67
Latvia,23,15,35,26,13,23,23,18,28,19,26,25,16,19,31,21,21,19,13,18,30,13,28,32,22,29,43,23,18,24,17,34,28,20,23,25,12,24,33
Lebanon,547,696,770,512,604,681,605,490,1044,897,1283,1074,1090,4260,3946,1218,1553,1198,906,1542,2284,1436,2050,2185,1426,3349,2902,2205,2069,2190,2764,2598,1560,2219,4700,3255,1836,2400,3312
Lesotho,1,5,2,1,1,10,5,7,5,11,3,6,7,3,9,4,3,18,11,9,4,6,10,9,12,6,19,5,11,2,5,11,5,6,8,4,7,4,4
Liberia,29,12,21,18,19,12,26,34,21,26,116,35,90,41,37,28,56,63,59,75,86,69,85,65,32,50,92,198,159,140,151,227,116,134,810,299,113,259,315
Libya,191,219,210,122,147,137,148,127,136,145,150,212,107,148,215,178,188,214,197,227,136,245,265,284,189,210,150,260,216,181,201,253,230,473,252,175,186,572,363
Liechtenstein,Missing,Missing,1,Missing,1,Missing,1,Missing,Missing,Missing,1,Missing,Missing,Missing,Missing,Missing,Missing,Missing,Missing,Missing,1,Missing,1,Missing,Missing,1,Missing,Missing,Missing,Missing,Missing,1,Missing,Missing,Missing,Missing,Missing,Missing,Missing
Lithuania,46,47,52,43,42,50,32,32,41,19,54,63,37,39,57,62,54,24,32,35,40,29,31,23,15,27,72,48,78,50,35,45,29,23,29,31,46,61,65
Luxembourg,12,7,7,8,9,19,22,12,17,12,6,13,6,5,7,8,13,23,11,16,15,9,6,7,7,9,16,7,4,19,17,11,21,16,15,6,3,7,7
Macao,14,20,22,19,35,24,52,47,21,19,31,31,19,22,19,20,31,52,41,55,33,45,50,49,38,44,38,131,148,137,165,118,70,70,176,79,66,92,129
Macedonia,41,15,37,24,19,21,37,32,37,88,60,76,36,55,41,81,21,31,59,196,103,53,126,95,91,81,77,79,190,137,120,68,42,69,99,53,44,79,79
Madagascar,131,106,99,83,109,183,230,120,135,99,176,218,130,206,181,137,216,232,252,387,270,258,300,388,299,326,392,466,690,545,368,449,436,293,398,395,305,255,317
Malawi,14,10,15,10,10,20,11,16,36,22,27,26,22,34,19,24,33,54,66,56,48,57,51,27,28,28,47,58,112,67,51,66,50,38,64,29,47,52,33
Malaysia,185,135,189,124,169,215,217,234,218,239,389,365,423,335,276,400,401,892,449,825,550,484,1724,1434,724,847,1818,1146,1832,1471,1187,1170,886,640,935,589,859,954,1498
"Maldives, Republic of",3,Missing,3,1,2,3,Missing,6,2,3,3,2,2,2,3,2,12,1,4,13,14,10,21,7,5,7,2,6,13,6,4,4,8,5,3,1,7,9,6
"Mali, Republic of",195,133,150,135,128,172,228,270,312,152,282,266,361,328,382,326,273,314,229,239,282,154,340,208,238,436,402,1123,914,436,449,520,382,2005,445,449,617,863,648
Malta,3,1,6,4,2,2,4,7,2,1,3,5,4,3,4,2,5,7,4,8,5,4,2,4,2,Missing,3,6,5,5,4,4,5,2,Missing,2,6,6,4
Martinique,Missing,Missing,Missing,Missing,1,Missing,Missing,Missing,Missing,Missing,Missing,Missing,Missing,Missing,Missing,Missing,Missing,Missing,Missing,Missing,Missing,Missing,Missing,Missing,Missing,Missing,Missing,Missing,1,Missing,Missing,Missing,Missing,Missing,Missing,Missing,Missing,1,Missing
Mauritania,51,19,35,29,35,41,49,50,42,42,63,50,64,108,84,54,46,66,59,69,57,61,72,49,69,85,101,322,194,100,136,192,126,116,167,155,140,162,161
Mauritius,249,192,202,104,213,261,282,278,277,210,326,407,306,479,414,337,497,555,413,665,352,426,470,611,432,520,558,810,1314,877,642,703,604,485,721,550,636,500,669
Mexico,6280,8521,11284,7039,7142,6453,5018,4533,3873,4003,3636,8128,6054,8122,10476,6394,6820,5683,4838,5845,5638,4863,9562,9048,10580,13235,15500,9971,12918,9928,10937,9811,10415,10011,12244,10348,12833,12855,20754
Moldova,59,69,97,93,47,71,109,98,77,46,63,32,61,100,121,155,127,156,120,114,190,138,389,366,108,145,239,114,202,102,285,247,161,246,364,371,142,120,110
Monaco,Missing,1,3,Missing,1,1,Missing,Missing,Missing,2,Missing,Missing,Missing,3,1,1,2,Missing,1,2,1,1,1,2,2,Missing,1,Missing,3,2,2,Missing,1,Missing,3,Missing,Missing,Missing,Missing
"Mongolia, People's Republic of",35,28,53,32,57,49,143,118,73,104,147,157,122,88,108,167,253,356,317,348,188,169,344,344,237,264,270,260,356,459,507,392,281,252,547,288,360,433,400
"Montenegro, Republic of",11,7,7,23,13,6,17,20,13,17,31,15,22,23,14,8,9,10,19,46,34,29,39,45,36,18,26,38,82,49,55,35,29,25,48,22,30,31,21
Morocco,1478,1202,1217,1065,1443,1431,1587,1871,2155,1952,2180,2040,1655,1905,2178,1499,2458,1837,2259,2751,2673,3292,3016,5944,3922,3683,5649,5010,5171,4564,3736,4645,4745,4009,3655,4837,5203,5679,7073
Mozambique,8,6,6,5,2,3,10,7,15,6,18,12,7,7,17,10,23,27,35,42,38,27,35,7,13,9,19,39,25,36,19,49,26,15,32,19,22,20,68
Myanmar (Burma),26,20,38,33,50,47,107,36,110,81,210,91,107,118,53,27,86,187,133,163,218,152,256,200,148,187,229,198,246,288,402,327,210,270,298,249,239,302,425
Namibia,19,9,14,8,10,10,12,18,19,20,26,16,24,21,38,17,33,31,37,39,35,30,55,36,29,27,58,35,64,31,24,50,26,34,42,29,36,28,24
Nauru,Missing,1,Missing,Missing,Missing,Missing,Missing,Missing,Missing,Missing,Missing,1,Missing,Missing,Missing,1,Missing,Missing,Missing,1,4,Missing,Missing,2,Missing,Missing,2,3,1,5,4,1,Missing,Missing,1,Missing,Missing,2,Missing
Nepal,443,415,466,277,211,277,373,730,624,922,793,2063,1736,927,1502,1832,1765,1192,2417,2416,3943,2287,2868,2151,2549,3114,4634,4056,4372,6108,4911,6006,6547,3667,3008,4305,4311,3272,4294
New Caledonia,1,Missing,Missing,Missing,Missing,2,Missing,Missing,Missing,Missing,Missing,1,Missing,Missing,Missing,Missing,1,4,Missing,1,Missing,Missing,Missing,Missing,Missing,1,Missing,Missing,Missing,Missing,Missing,1,Missing,Missing,Missing,Missing,1,Missing,Missing
New Zealand,249,133,176,165,167,144,132,131,141,113,145,129,137,301,278,261,252,311,288,378,275,267,246,123,133,228,343,150,534,407,296,270,274,257,231,107,184,280,325
Nicaragua,293,241,139,82,66,70,89,167,122,60,154,207,340,369,384,151,200,232,132,226,148,342,400,384,476,455,503,364,321,324,271,340,333,331,457,282,360,402,389
Nigeria,5212,3537,3588,2845,3093,3944,4003,3882,6309,5328,6378,5428,4216,5670,7109,5728,8079,9797,5490,8550,8541,11025,12167,13580,16058,15314,15553,37002,40787,34901,27545,29285,31976,25218,30511,21912,31455,33108,32806
Norway,39,12,26,28,46,71,50,52,35,26,24,43,23,22,31,20,22,54,59,47,29,26,28,29,26,25,28,24,43,70,54,54,37,66,37,22,27,34,36
Oman,57,44,39,30,41,49,34,32,32,48,41,42,17,101,80,56,76,78,51,49,133,32,25,34,170,74,77,87,205,95,108,76,136,50,30,33,72,116,101
Pakistan,1925,2138,1511,1949,1802,2098,2006,1415,1862,4317,5712,5236,3562,5217,6883,2155,2188,2886,2445,3422,2649,11420,18543,15788,12890,14375,14883,11231,17513,11715,12056,16945,22509,33209,24110,14210,27479,31670,26574
Palestinian Authority (Gaza/West Bank),168,168,207,161,112,138,160,113,221,177,295,246,254,367,312,204,219,254,272,381,310,310,283,332,234,587,520,499,491,340,461,400,276,415,517,243,693,430,454
"Panama, Republic of",93,60,42,46,62,66,107,100,112,146,134,165,273,176,208,161,165,195,252,258,145,304,413,372,286,319,342,236,387,517,195,171,177,189,224,91,113,94,145
Papau New Guinea,2,Missing,7,1,2,2,Missing,1,4,1,2,4,Missing,3,1,Missing,1,1,Missing,2,Missing,Missing,Missing,Missing,Missing,Missing,2,1,1,1,Missing,Missing,1,2,2,1,1,Missing,3
Paraguay,17,17,27,9,14,20,9,28,9,23,32,29,28,47,34,21,16,22,65,41,27,151,78,85,70,61,75,85,117,129,90,100,45,50,97,71,72,93,128
People's Republic of China,15110,13756,15192,13050,19687,19903,17626,18401,21618,16623,17644,14224,16550,14142,15821,12022,17735,22063,20266,27028,26375,22375,27107,23554,25753,28039,34433,30721,44190,48009,47995,44503,41155,40216,44984,32287,42875,34562,37540
Peoples Republic of Benin,347,167,119,103,134,173,341,240,278,181,211,274,216,118,187,127,163,251,162,292,399,280,284,365,460,497,519,705,659,722,534,871,479,410,706,611,620,1455,1043
Peru,378,300,404,324,338,452,549,895,527,939,1315,1338,1290,1054,1995,1181,2420,1212,1473,1704,809,2401,3705,2115,2496,1946,2185,2522,2986,4362,2456,3038,2052,1600,1951,1520,2051,2195,2310
Philippines,6831,6617,7438,7309,7066,8618,6607,7975,7298,7500,9534,9357,6900,9607,10851,5005,9832,16537,12501,22282,13463,19756,27433,16177,17707,17687,26154,16962,23092,32266,25212,22229,18812,20375,25518,14209,20269,22813,23205
Poland,327,231,256,230,186,266,199,202,158,149,202,164,140,138,244,162,212,241,225,229,296,170,209,186,204,190,236,126,300,256,217,217,217,227,208,140,166,207,196
Portugal,328,312,347,275,299,264,303,307,217,208,235,199,170,313,318,243,317,352,329,391,339,251,310,244,304,329,350,204,377,533,342,319,288,352,323,214,274,288,307
Qatar,11,17,5,7,9,34,17,5,12,28,40,43,19,44,36,26,52,42,16,42,77,46,17,19,81,37,46,115,96,80,63,66,58,28,42,38,26,52,40
Republic of Djibouti,50,39,29,18,25,21,37,21,55,26,47,50,29,55,44,54,35,36,45,49,51,82,62,71,56,61,138,170,198,91,85,114,220,119,134,94,194,130,883
Republic of Indonesia,416,279,349,282,348,543,572,555,392,804,959,757,644,631,504,1042,1095,1334,1292,2446,1462,1982,1524,951,1145,1581,2281,2030,2321,2415,2458,2443,1348,1355,1140,588,1456,1968,2033
Republic of Ireland,968,505,480,427,565,636,487,752,558,466,670,617,339,742,1260,1188,1095,829,858,926,650,551,705,309,343,690,1099,537,1426,874,531,518,501,513,530,307,467,746,866
Republic of Ivory Coast,750,586,389,520,432,728,877,828,703,532,760,711,846,856,953,617,593,732,567,750,1128,607,1048,1393,1846,1300,2160,2762,2393,2039,1585,2031,2035,3059,1707,1231,1415,1931,2288
Republic of Palau,Missing,Missing,Missing,Missing,Missing,Missing,Missing,Missing,Missing,Missing,Missing,Missing,Missing,Missing,Missing,4,5,Missing,Missing,Missing,1,Missing,5,2,15,Missing,Missing,1,Missing,Missing,5,Missing,Missing,Missing,1,Missing,1,1,1
Republic of South Africa,430,357,427,359,396,406,506,638,530,647,1150,858,769,958,904,907,1143,1303,1117,1404,738,1132,1021,951,821,983,1366,1667,2260,2187,1189,1567,1283,1115,1784,888,1241,999,1152
Republic of The Marshall Islands,Missing,Missing,Missing,Missing,Missing,Missing,Missing,Missing,Missing,Missing,Missing,Missing,Missing,5,1,1,Missing,1,2,1,3,Missing,5,2,Missing,2,3,3,Missing,3,7,Missing,1,1,2,Missing,3,3,4
Republic of the Niger,56,32,49,33,42,46,79,68,65,43,80,78,79,64,79,69,74,73,56,77,104,56,83,88,84,158,144,248,228,165,175,190,142,449,291,171,136,103,304
Reunion,Missing,Missing,Missing,Missing,1,Missing,Missing,Missing,Missing,Missing,Missing,Missing,Missing,Missing,Missing,Missing,Missing,Missing,Missing,Missing,Missing,Missing,1,Missing,Missing,Missing,Missing,1,Missing,Missing,Missing,Missing,Missing,Missing,Missing,Missing,Missing,Missing,Missing
Romania,199,206,189,186,184,232,165,192,104,133,103,77,103,97,113,116,128,110,124,192,170,201,210,201,220,175,257,198,225,206,201,172,170,182,202,159,171,241,208
Russia,1044,1129,679,785,973,1047,824,974,1264,1073,978,943,923,667,698,1479,1237,1137,921,877,1003,1327,1548,2119,2349,1468,1465,1104,2714,2241,1865,2442,2270,2704,4856,3233,3153,1537,1363
Rwanda,326,373,303,263,206,367,344,582,464,255,386,355,294,684,517,312,675,546,378,472,592,621,522,902,537,488,678,1293,1538,2506,986,1329,2007,1856,2709,1236,1712,2368,1428
Saint-Martin,Missing,Missing,Missing,Missing,Missing,1,Missing,Missing,Missing,Missing,Missing,Missing,Missing,Missing,Missing,Missing,Missing,Missing,1,1,Missing,Missing,Missing,Missing,Missing,Missing,1,1,Missing,Missing,Missing,Missing,1,Missing,Missing,1,Missing,Missing,Missing
"Samoa, Independent State Of",Missing,2,2,Missing,1,Missing,2,Missing,Missing,Missing,Missing,1,Missing,Missing,3,Missing,Missing,Missing,Missing,1,1,Missing,Missing,2,3,Missing,3,Missing,1,1,Missing,Missing,Missing,1,Missing,1,Missing,1,Missing
San Marino,1,Missing,Missing,Missing,1,Missing,Missing,Missing,Missing,Missing,1,1,Missing,Missing,1,Missing,1,Missing,Missing,1,1,Missing,Missing,Missing,Missing,1,1,1,2,Missing,Missing,Missing,Missing,Missing,Missing,Missing,1,Missing,Missing
Sao Tome and Principe,Missing,Missing,Missing,Missing,Missing,1,2,Missing,Missing,1,Missing,Missing,1,Missing,Missing,Missing,1,Missing,Missing,1,1,Missing,2,1,Missing,Missing,1,Missing,Missing,Missing,1,Missing,2,Missing,1,2,Missing,1,1
Saudi Arabia,366,315,389,354,391,361,318,339,309,389,384,273,419,508,421,422,469,747,532,504,648,793,534,668,544,991,889,618,996,838,728,850,891,489,796,480,360,435,1159
Senegal,786,506,362,442,389,645,860,1034,787,511,884,872,1281,1167,1024,626,738,736,543,798,1379,869,1002,1390,1684,2739,2301,3818,2805,2354,2201,2808,2856,3260,4248,3285,3070,3315,3603
"Serbia, Republic of",148,126,150,137,114,148,141,120,118,210,157,181,164,164,171,108,116,153,151,515,330,234,295,220,282,263,262,206,685,373,472,333,205,215,300,211,206,253,241
Seychelles,1,Missing,2,1,3,1,1,Missing,2,1,1,Missing,4,2,Missing,3,9,18,7,3,7,8,9,9,Missing,6,4,17,11,3,5,12,4,12,9,1,5,4,3
Sierra Leone,19,19,17,22,10,18,25,20,26,31,48,18,37,45,43,28,29,45,67,50,44,56,226,91,36,63,58,167,108,105,141,187,71,98,318,146,89,145,151
Singapore,76,80,99,72,98,114,85,93,92,72,61,64,79,44,62,44,64,94,129,213,108,79,82,139,76,75,118,70,103,113,162,137,83,77,101,55,76,78,89
Sint-Maarten,Missing,Missing,Missing,1,1,1,3,Missing,2,Missing,Missing,Missing,Missing,Missing,Missing,Missing,Missing,Missing,Missing,Missing,Missing,Missing,Missing,Missing,Missing,Missing,1,Missing,Missing,Missing,1,Missing,Missing,Missing,1,Missing,Missing,1,Missing
Slovak Republic,110,82,82,83,123,91,72,99,62,61,81,74,56,34,111,112,95,104,107,82,50,48,56,42,58,97,136,60,118,121,91,87,70,85,73,41,55,93,121
Slovenia,27,20,21,15,12,20,12,10,15,13,22,10,8,18,16,8,9,14,11,14,9,12,12,10,14,4,16,8,10,20,13,7,12,18,9,12,7,4,14
Socialist Republic of Vietnam,2220,3625,2580,2220,2760,3061,2799,3512,2499,1855,3301,3601,3698,3677,3934,1832,3316,4397,4036,9725,4224,3647,7505,10882,5705,7679,9480,4084,12802,9335,6961,7878,8522,7008,9528,7071,9155,7776,7288
"Solomons, The",5,4,2,7,2,3,3,4,1,Missing,Missing,2,3,3,2,Missing,1,Missing,1,3,2,Missing,Missing,2,5,3,7,Missing,4,6,3,2,5,6,3,1,5,1,3
"Somalia, Democratic Republic of",176,108,91,69,50,42,59,50,28,51,57,62,89,84,93,59,68,67,83,107,68,134,90,91,111,105,89,90,108,78,94,95,126,174,204,86,244,204,200
"South Sudan, Republic Of",5,4,4,5,4,5,3,8,5,7,5,6,8,8,10,3,10,15,11,12,13,16,17,10,9,11,12,46,21,22,35,32,28,42,29,20,45,60,35
Spain,505,370,478,490,563,693,780,995,520,312,385,333,264,367,586,429,876,910,968,752,551,422,426,270,396,512,703,487,1061,1067,734,545,417,551,470,296,457,492,464
Sri Lanka,788,734,1098,733,763,673,1060,643,1135,866,1302,1233,1209,1159,1136,1712,2799,1488,1034,1837,2009,2683,6441,3380,2306,2193,3372,4683,3961,4066,3703,5066,6559,7265,7824,6976,8729,7180,6411
St. Kitts-Nevis,35,22,22,16,14,15,30,25,29,29,52,39,35,53,62,41,36,41,19,53,27,61,53,144,206,130,121,146,127,89,89,79,131,69,67,32,70,72,76
St. Lucia,64,50,112,53,56,51,33,49,46,67,79,149,96,101,152,143,171,56,93,108,76,224,261,204,227,227,192,189,312,288,182,163,156,130,114,72,110,100,138
St. Vincent and the Grenadines,76,127,68,77,54,53,22,35,36,77,45,71,65,82,156,122,76,29,51,35,53,117,166,144,222,184,108,122,222,220,111,174,183,120,91,61,123,130,100
Stateless,111,86,98,64,60,72,66,43,72,92,102,131,112,139,186,71,102,96,98,130,123,97,126,116,127,218,152,326,290,192,257,182,135,153,345,156,310,212,150
Surinam,10,3,2,4,1,1,4,11,4,24,11,16,10,9,15,38,22,5,11,13,12,24,44,13,32,30,26,73,30,45,29,58,28,23,55,19,22,36,31
Swaziland,8,3,5,2,Missing,7,8,4,7,5,5,10,9,11,9,4,9,11,37,15,10,10,9,19,5,7,13,21,20,19,15,16,10,22,17,18,8,4,14
Sweden,133,83,82,101,98,154,157,131,111,69,80,84,41,77,91,62,70,114,122,126,124,90,82,73,59,76,94,60,167,146,118,125,122,122,96,58,84,103,89
Switzerland,158,113,162,149,129,187,212,292,150,132,125,137,85,92,115,102,150,186,277,181,107,84,94,78,125,115,171,95,201,250,242,158,95,89,78,98,97,109,124
Syria,180,169,196,146,142,171,152,136,186,244,369,328,282,597,508,252,281,330,339,427,461,511,398,430,363,909,908,1103,1000,892,995,890,669,1316,2415,1457,2052,1789,2183
Tadjikistan,21,13,31,8,13,13,18,20,21,7,41,19,20,5,28,26,44,24,23,30,42,23,22,34,33,36,37,34,89,61,49,114,99,118,183,107,111,70,67
Taiwan,488,382,469,449,614,691,863,597,511,398,530,381,466,450,632,588,648,661,734,761,514,591,585,408,499,594,1042,723,1520,1146,1472,818,580,984,1031,531,630,603,817
Thailand,365,527,484,437,469,646,476,418,596,700,1078,810,1238,1181,1083,320,1369,1622,750,2695,1362,1444,2138,1210,1653,1754,1958,1711,2106,2275,1686,1456,1073,1125,980,962,1018,1502,1230
The Netherlands,192,149,198,195,162,214,216,284,208,159,172,161,114,264,327,138,153,183,244,250,206,184,158,121,169,255,308,152,324,278,297,254,185,190,214,106,137,271,252
The Netherlands Antilles,Missing,Missing,1,Missing,Missing,Missing,Missing,Missing,1,1,Missing,Missing,Missing,Missing,Missing,Missing,Missing,Missing,Missing,Missing,Missing,Missing,Missing,Missing,Missing,Missing,Missing,Missing,Missing,Missing,Missing,Missing,Missing,Missing,Missing,Missing,Missing,Missing,1
"Togo, Republic of",405,133,122,103,131,159,303,219,281,169,325,259,273,184,162,122,138,204,126,253,371,237,343,326,400,388,522,1077,681,801,669,1016,616,519,1048,676,518,2206,1814
Tonga,1,Missing,Missing,Missing,1,2,Missing,Missing,1,Missing,Missing,Missing,Missing,2,3,3,2,1,2,5,5,2,6,3,Missing,1,6,Missing,6,7,1,4,2,2,2,Missing,Missing,2,4
"Trinidad and Tobago, Republic of",185,260,301,241,135,302,244,197,209,521,420,745,405,775,880,909,759,276,790,961,337,1673,2444,1478,2091,1390,1131,1350,2128,1892,989,1012,819,633,585,489,608,522,672
Tunisia,990,789,928,687,767,823,1281,1000,847,1327,1732,1796,1140,1635,1597,1051,1478,1955,1492,1341,1070,1558,2629,2914,1903,2560,3284,2941,4198,4725,1592,2570,2355,2168,2703,2186,2570,3986,5740
Turkey,1026,1003,1248,893,998,1359,1482,1092,1340,1116,2538,1931,1915,3741,2346,1711,2663,2060,1985,3355,1354,2439,4309,2919,2629,3779,5835,3121,4602,4671,4613,4438,8074,9293,14916,8700,11528,8106,9820
Turkmenistan,8,3,5,6,7,10,15,7,11,7,10,13,15,16,31,26,15,25,13,18,55,18,15,30,16,21,39,26,36,37,39,77,54,57,122,48,32,35,36
Turks and Caicos Islands,Missing,Missing,Missing,Missing,Missing,Missing,Missing,Missing,Missing,Missing,Missing,Missing,Missing,Missing,Missing,Missing,Missing,Missing,Missing,1,Missing,1,Missing,Missing,Missing,Missing,Missing,Missing,Missing,Missing,Missing,Missing,Missing,Missing,Missing,Missing,Missing,Missing,Missing
Tuvalu,Missing,Missing,1,Missing,Missing,Missing,Missing,Missing,Missing,1,Missing,Missing,Missing,Missing,Missing,Missing,Missing,Missing,1,Missing,2,2,3,1,Missing,Missing,Missing,Missing,Missing,2,1,6,Missing,Missing,Missing,Missing,Missing,2,2
Uganda,329,241,256,246,132,175,246,393,148,295,431,302,291,414,552,445,447,1034,751,798,659,740,860,652,980,655,960,4706,878,908,988,2593,3499,2326,2254,1768,1662,2092,6148
Ukraine,930,851,776,834,1007,1048,1118,1159,1235,1080,1175,1131,1112,2140,31422,75682,71049,46862,47152,76054,110889,92444,85464,45605,51637,67520,65768,59384,58517,49751,87854,140901,63998,39924,34170,26805,5427,5525,7611
United Arab Emirates,6,8,20,20,24,16,19,13,16,21,15,5,13,28,20,12,35,30,21,35,8,18,31,24,15,23,17,32,42,48,33,109,24,16,18,32,20,22,34
United Kingdom and Colonies,1529,1303,1665,1434,1766,2137,1911,2186,1604,1490,1846,1510,1009,1448,2331,1871,2070,2231,2776,2891,2239,1494,1534,1312,1282,1687,2312,1303,2335,2725,2468,2138,1957,1973,1664,1199,1475,2002,2489
United Republic of Tanzania,136,134,129,99,84,162,151,197,180,139,235,204,193,204,210,142,238,262,238,243,179,320,250,361,244,320,221,940,710,875,357,806,1631,913,1253,399,504,737,591
United States of America,2219,2317,2809,2848,3440,3062,2345,2591,1957,1503,1445,1311,1222,1406,1703,1372,1827,2031,1856,2084,2364,1412,1631,1122,1462,1531,1943,1257,2261,2594,2407,2102,1595,1703,1576,1212,2021,1734,1660
Uruguay,46,25,25,26,24,47,35,34,28,19,37,38,63,73,78,87,90,67,168,135,76,234,121,154,166,149,128,159,227,185,132,91,59,43,75,48,59,86,97
Uzbekistan,77,72,35,70,66,53,56,56,68,85,79,68,96,67,112,44,60,78,63,68,133,97,109,130,117,99,138,154,318,246,223,455,432,479,800,724,985,403,942
Vanuatu,1,1,Missing,1,1,1,2,1,4,2,3,4,3,13,3,Missing,3,4,16,9,4,4,19,10,10,3,10,29,17,18,25,13,18,6,15,20,8,7,23
Venezuela,569,459,528,419,407,399,366,525,404,432,574,624,757,895,935,592,537,669,557,602,505,938,1827,1407,1523,1040,1655,1348,1137,1278,854,1355,1289,1175,1459,568,604,674,940
"Virgin Islands, British",Missing,Missing,Missing,Missing,Missing,Missing,Missing,Missing,1,Missing,Missing,Missing,Missing,Missing,Missing,Missing,Missing,Missing,Missing,Missing,Missing,Missing,Missing,Missing,Missing,Missing,Missing,Missing,Missing,Missing,Missing,Missing,Missing,Missing,Missing,Missing,Missing,Missing,1
Western Sahara,Missing,1,Missing,Missing,Missing,Missing,Missing,Missing,Missing,Missing,Missing,Missing,Missing,Missing,Missing,1,Missing,1,Missing,Missing,Missing,Missing,Missing,Missing,1,Missing,1,Missing,Missing,Missing,Missing,Missing,Missing,1,1,Missing,1,1,Missing
Yemen,161,104,133,73,101,95,115,86,109,163,204,171,154,265,233,170,130,248,230,209,168,289,231,342,275,500,358,488,372,298,279,272,286,311,465,272,595,394,350
Zambia,29,36,27,29,30,50,63,35,48,41,73,90,63,101,88,45,88,92,135,143,81,72,92,86,85,73,214,83,140,131,103,141,140,99,139,71,114,75,81
Zimbabwe,156,152,173,132,124,255,253,186,167,195,284,281,221,281,258,226,373,328,493,399,299,348,359,467,347,394,558,592,832,660,356,679,526,473,613,402,490,422,412
Other*,51,36,24,39,26,57,137,166,121,222,166,354,152,104,224,426,367,718,832,920,382,366,304,535,364,173,161,294,377,517,828,579,351,341,273,497,287,233,327
